Frame,Prediction,Confidence,FPS
1,non-crocodile,0.8646,2.4
2,non-crocodile,0.8682,4.27
3,non-crocodile,0.882,4.17
4,non-crocodile,0.9048,3.72
5,non-crocodile,0.92,3.36
6,non-crocodile,0.9306,3.66
7,non-crocodile,0.9457,3.53
8,non-crocodile,0.9777,3.48
9,non-crocodile,0.9831,3.62
10,non-crocodile,0.9861,4.26
11,non-crocodile,0.986,4.67
12,non-crocodile,0.9849,4.39
13,non-crocodile,0.9872,4.54
14,non-crocodile,0.9862,4.37
15,non-crocodile,0.9885,4.54
16,non-crocodile,0.9886,4.06
17,non-crocodile,0.9896,4.21
18,non-crocodile,0.9887,3.92
19,non-crocodile,0.9817,4.43
20,non-crocodile,0.9829,4.35
21,non-crocodile,0.9715,4.07
22,non-crocodile,0.9668,4.55
23,non-crocodile,0.9606,4.34
24,non-crocodile,0.9544,4.51
25,non-crocodile,0.9475,4.22
26,non-crocodile,0.9479,3.54
27,non-crocodile,0.9568,4.32
28,non-crocodile,0.9573,4.08
29,non-crocodile,0.9524,3.9
30,non-crocodile,0.9573,3.9
31,non-crocodile,0.955,3.54
32,non-crocodile,0.9593,3.28
33,non-crocodile,0.9603,2.89
34,non-crocodile,0.9627,3.01
35,non-crocodile,0.9608,3.56
36,non-crocodile,0.9621,3.73
37,non-crocodile,0.9607,3.62
38,non-crocodile,0.9606,3.95
39,non-crocodile,0.968,4.13
40,non-crocodile,0.965,3.77
41,non-crocodile,0.9639,3.51
42,non-crocodile,0.9625,3.61
43,non-crocodile,0.9634,3.73
44,non-crocodile,0.9624,3.86
45,non-crocodile,0.9614,3.66
46,non-crocodile,0.9619,3.84
47,non-crocodile,0.9624,3.06
48,non-crocodile,0.9611,3.53
49,non-crocodile,0.9616,4.0
50,non-crocodile,0.9621,3.58
51,crocodile,0.6217,3.59
52,crocodile,0.5795,3.61
53,crocodile,0.5095,3.48
54,non-crocodile,0.5138,2.69
55,non-crocodile,0.5428,2.69
56,non-crocodile,0.5192,3.3
57,crocodile,0.5007,2.98
58,non-crocodile,0.5316,3.42
59,non-crocodile,0.5104,2.98
60,crocodile,0.5052,3.16
61,crocodile,0.5085,3.32
62,crocodile,0.5561,3.13
63,non-crocodile,0.52,2.43
64,non-crocodile,0.5099,3.1
65,non-crocodile,0.5119,3.12
66,crocodile,0.5009,3.34
67,crocodile,0.5798,3.51
68,crocodile,0.6331,3.4
69,crocodile,0.5822,3.0
70,crocodile,0.5546,3.13
71,crocodile,0.5007,2.93
72,non-crocodile,0.594,2.26
73,non-crocodile,0.6705,2.49
74,non-crocodile,0.7059,3.18
75,non-crocodile,0.5458,3.18
76,crocodile,0.7089,3.09
77,crocodile,0.7573,3.03
78,crocodile,0.6536,3.41
79,crocodile,0.9335,3.12
80,crocodile,0.926,2.99
81,crocodile,0.8242,2.6
82,crocodile,0.8575,3.27
83,crocodile,0.8219,3.1
84,crocodile,0.8696,3.1
85,crocodile,0.8642,2.98
86,crocodile,0.8548,3.12
87,crocodile,0.8533,2.93
88,crocodile,0.9503,2.67
89,crocodile,0.9743,2.64
90,crocodile,0.9892,3.04
91,crocodile,0.9952,3.27
92,crocodile,0.9857,3.14
93,crocodile,0.9929,3.11
94,crocodile,0.9977,3.27
95,crocodile,0.9948,2.51
96,crocodile,0.9966,3.31
97,crocodile,0.9987,3.21
98,crocodile,0.9989,3.23
99,crocodile,0.9986,3.32
100,crocodile,0.9984,2.61
101,crocodile,0.9987,2.18
102,crocodile,0.9996,3.57
103,crocodile,0.9992,3.64
104,crocodile,0.9996,3.47
105,crocodile,0.9997,3.7
106,crocodile,0.9992,3.63
107,crocodile,0.9998,3.94
108,crocodile,0.9996,3.74
109,crocodile,0.9999,3.84
110,crocodile,0.9999,3.92
111,crocodile,0.9999,3.89
112,crocodile,1.0,3.77
113,crocodile,1.0,3.57
114,crocodile,1.0,3.52
115,crocodile,1.0,3.63
116,crocodile,1.0,3.29
117,crocodile,1.0,2.92
118,crocodile,1.0,3.09
119,crocodile,1.0,3.11
120,crocodile,1.0,3.12
121,crocodile,1.0,3.13
122,crocodile,1.0,3.24
123,crocodile,1.0,3.16
124,crocodile,1.0,3.11
125,crocodile,1.0,2.57
126,crocodile,1.0,3.28
127,crocodile,1.0,3.14
128,crocodile,1.0,2.65
129,crocodile,1.0,3.05
130,crocodile,1.0,3.3
131,crocodile,1.0,3.26
132,crocodile,1.0,3.06
133,crocodile,1.0,2.64
134,crocodile,1.0,2.83
135,crocodile,1.0,3.23
136,crocodile,1.0,3.22
137,crocodile,1.0,3.35
138,crocodile,1.0,3.25
139,crocodile,1.0,3.16
140,crocodile,1.0,3.1
141,crocodile,1.0,3.23
142,crocodile,1.0,3.2
143,crocodile,1.0,2.63
144,crocodile,1.0,3.19
145,crocodile,1.0,3.34
146,crocodile,1.0,3.42
147,crocodile,1.0,2.8
148,crocodile,1.0,3.15
149,crocodile,1.0,3.14
150,crocodile,1.0,2.88
151,crocodile,1.0,2.68
152,crocodile,1.0,3.08
153,crocodile,1.0,2.33
154,crocodile,1.0,2.76
155,crocodile,1.0,3.15
156,crocodile,1.0,3.25
157,crocodile,1.0,3.32
158,crocodile,1.0,3.18
159,crocodile,1.0,3.23
160,crocodile,1.0,3.26
161,crocodile,1.0,3.1
162,crocodile,1.0,2.94
163,crocodile,1.0,3.08
164,crocodile,1.0,3.33
165,crocodile,1.0,2.55
166,crocodile,1.0,3.14
167,crocodile,1.0,3.21
168,crocodile,1.0,3.23
169,crocodile,1.0,3.36
170,crocodile,1.0,3.29
171,crocodile,1.0,3.39
172,crocodile,1.0,3.15
173,crocodile,1.0,3.15
174,crocodile,1.0,3.09
175,crocodile,1.0,3.14
176,crocodile,1.0,2.43
177,crocodile,1.0,2.96
178,crocodile,1.0,3.2
179,crocodile,1.0,3.06
180,crocodile,1.0,3.22
181,crocodile,1.0,3.15
182,crocodile,1.0,3.26
183,crocodile,0.9999,3.07
184,crocodile,0.9999,3.2
185,crocodile,0.9999,3.02
186,crocodile,1.0,2.68
187,crocodile,1.0,3.15
188,crocodile,0.9999,3.12
189,crocodile,1.0,3.14
190,crocodile,1.0,2.83
191,crocodile,1.0,3.32
192,crocodile,1.0,2.5
193,crocodile,1.0,2.89
194,crocodile,1.0,2.92
195,crocodile,1.0,3.04
196,crocodile,1.0,2.75
197,crocodile,1.0,2.89
198,crocodile,1.0,2.72
199,crocodile,1.0,2.86
200,crocodile,1.0,2.85
201,crocodile,1.0,2.18
202,crocodile,1.0,3.48
203,crocodile,1.0,3.99
204,crocodile,1.0,3.77
205,crocodile,1.0,4.08
206,crocodile,1.0,3.93
207,crocodile,1.0,3.51
208,crocodile,1.0,3.83
209,crocodile,1.0,3.85
210,crocodile,1.0,3.65
211,crocodile,1.0,3.62
212,crocodile,1.0,3.29
213,crocodile,1.0,3.45
214,crocodile,1.0,3.75
215,crocodile,1.0,2.9
216,crocodile,1.0,3.11
217,crocodile,1.0,3.19
218,crocodile,1.0,3.25
219,crocodile,0.9998,3.19
220,crocodile,0.9998,3.18
221,crocodile,0.9999,2.92
222,crocodile,1.0,2.54
223,crocodile,0.9999,2.99
224,crocodile,1.0,2.95
225,crocodile,1.0,3.16
226,crocodile,1.0,3.33
227,crocodile,1.0,3.21
228,crocodile,1.0,3.02
229,crocodile,1.0,2.77
230,crocodile,1.0,3.13
231,crocodile,1.0,3.09
232,crocodile,0.9999,3.02
233,crocodile,0.9999,3.2
234,crocodile,0.9999,3.14
235,crocodile,0.9998,2.56
236,crocodile,0.9999,3.34
237,crocodile,0.9998,3.17
238,crocodile,0.9999,3.1
239,crocodile,0.9999,3.05
240,crocodile,1.0,3.41
241,crocodile,1.0,2.79
242,crocodile,1.0,3.14
243,crocodile,1.0,3.15
244,crocodile,1.0,3.18
245,crocodile,1.0,3.27
246,crocodile,1.0,3.36
247,crocodile,1.0,3.01
248,crocodile,1.0,3.06
249,crocodile,0.9999,3.41
250,crocodile,1.0,2.77
251,crocodile,1.0,2.99
252,crocodile,0.9999,3.29
253,crocodile,1.0,2.74
254,crocodile,1.0,2.82
255,crocodile,1.0,3.66
256,crocodile,1.0,3.37
257,crocodile,0.9998,3.57
258,crocodile,0.9999,3.65
259,crocodile,1.0,3.68
260,crocodile,0.9997,4.07
261,crocodile,0.9997,2.67
262,crocodile,0.9998,3.47
263,crocodile,0.9997,3.15
264,crocodile,0.9998,3.18
265,crocodile,0.9986,2.96
266,crocodile,0.9941,3.11
267,crocodile,0.9709,3.33
268,crocodile,0.994,3.15
269,crocodile,0.9903,3.02
270,crocodile,0.9899,3.04
271,crocodile,0.9885,3.09
272,crocodile,0.9627,2.7
273,crocodile,0.967,3.25
274,crocodile,0.9406,3.3
275,crocodile,0.926,3.31
276,crocodile,0.8843,3.4
277,crocodile,0.9366,3.28
278,crocodile,0.8949,2.61
279,crocodile,0.6534,3.44
280,crocodile,0.8359,3.41
281,crocodile,0.6999,3.3
282,crocodile,0.7582,3.19
283,crocodile,0.8321,3.35
284,crocodile,0.7162,3.04
285,non-crocodile,0.51,2.84
286,non-crocodile,0.5168,3.22
287,non-crocodile,0.5319,3.21
288,non-crocodile,0.7909,3.33
289,non-crocodile,0.6648,2.6
290,non-crocodile,0.7686,3.31
291,non-crocodile,0.5976,3.5
292,non-crocodile,0.7932,3.49
293,non-crocodile,0.5491,3.17
294,non-crocodile,0.5917,3.35
295,crocodile,0.5371,3.3
296,non-crocodile,0.7715,3.34
297,non-crocodile,0.715,3.19
298,non-crocodile,0.9579,3.29
299,non-crocodile,0.7627,2.5
300,crocodile,0.9083,3.21
301,crocodile,0.9266,2.94
302,crocodile,0.9204,2.99
303,crocodile,0.9079,2.85
304,crocodile,0.9226,3.57
305,crocodile,0.9777,3.75
306,crocodile,0.9798,3.8
307,crocodile,0.926,3.72
308,crocodile,0.7244,3.85
309,crocodile,0.942,3.78
310,crocodile,0.9569,3.3
311,crocodile,0.9895,2.98
312,crocodile,0.9934,3.2
313,crocodile,0.9938,3.14
314,crocodile,0.9943,3.03
315,crocodile,0.9865,3.22
316,crocodile,0.9873,3.18
317,crocodile,0.9938,2.86
318,crocodile,0.9937,2.43
319,crocodile,0.9867,3.19
320,crocodile,0.9795,3.3
321,crocodile,0.9777,3.45
322,crocodile,0.9894,3.42
323,crocodile,0.9763,3.17
324,crocodile,0.9736,3.24
325,crocodile,0.9937,3.13
326,crocodile,0.9866,2.42
327,crocodile,0.9905,2.96
328,crocodile,0.9884,3.26
329,crocodile,0.9946,2.95
330,crocodile,0.9905,2.97
331,crocodile,0.9944,3.15
332,crocodile,0.9928,2.47
333,crocodile,0.9895,2.98
334,crocodile,0.9639,2.98
335,crocodile,0.9828,2.84
336,crocodile,0.9801,3.1
337,crocodile,0.9979,3.06
338,crocodile,0.9983,2.84
339,crocodile,0.9998,2.82
340,crocodile,1.0,2.99
341,crocodile,1.0,2.45
342,crocodile,1.0,3.12
343,crocodile,1.0,3.02
344,crocodile,1.0,3.13
345,crocodile,1.0,3.13
346,crocodile,1.0,2.94
347,crocodile,1.0,3.01
348,crocodile,1.0,3.02
349,crocodile,1.0,3.06
350,crocodile,1.0,2.5
351,crocodile,0.9998,2.75
352,crocodile,0.9992,3.6
353,crocodile,0.9911,3.54
354,crocodile,0.76,3.59
355,non-crocodile,0.6965,3.77
356,crocodile,0.5952,3.72
357,non-crocodile,0.6907,3.98
358,non-crocodile,0.7634,3.28
359,crocodile,0.8883,3.84
360,crocodile,0.8912,3.67
361,crocodile,0.9762,2.97
362,crocodile,0.9745,2.65
363,crocodile,0.9841,3.27
364,crocodile,0.9879,3.0
365,crocodile,0.9936,3.08
366,crocodile,0.9418,3.18
367,crocodile,0.9714,3.05
368,crocodile,0.9984,3.09
369,crocodile,0.9944,2.42
370,crocodile,0.9977,2.97
371,crocodile,0.9995,3.38
372,crocodile,0.996,3.29
373,crocodile,0.9982,3.34
374,crocodile,0.9968,3.38
375,crocodile,0.9906,3.38
376,crocodile,0.9862,3.19
377,crocodile,0.9986,2.6
378,crocodile,0.9998,3.37
379,crocodile,0.9998,3.28
380,crocodile,0.9999,3.35
381,crocodile,1.0,3.01
382,crocodile,1.0,3.32
383,crocodile,1.0,3.45
384,crocodile,1.0,3.19
385,crocodile,1.0,3.16
386,crocodile,0.999,2.5
387,crocodile,0.9991,3.49
388,crocodile,0.9961,3.48
389,crocodile,0.9943,3.33
390,crocodile,0.9974,3.24
391,crocodile,0.7031,3.09
392,crocodile,0.9776,2.98
393,crocodile,0.9915,3.14
394,crocodile,0.9878,3.0
395,crocodile,0.9771,2.65
396,crocodile,0.9752,3.3
397,crocodile,0.9056,3.23
398,crocodile,0.8919,3.29
399,crocodile,0.9752,3.23
400,crocodile,0.9917,3.4
401,crocodile,0.9831,2.8
402,crocodile,0.9933,3.17
403,crocodile,0.9906,3.07
404,crocodile,0.9965,2.97
405,crocodile,0.9903,3.75
406,crocodile,0.9951,4.01
407,crocodile,0.9984,3.67
408,crocodile,0.9993,3.53
409,crocodile,0.9963,3.65
410,crocodile,0.9979,3.64
411,crocodile,0.994,3.19
412,crocodile,0.9962,3.08
413,crocodile,0.9984,3.02
414,crocodile,0.9997,3.17
415,crocodile,0.9996,3.11
416,crocodile,0.9993,3.07
417,crocodile,0.9991,3.08
418,crocodile,0.9994,3.16
419,crocodile,0.9977,2.56
420,crocodile,0.9944,3.24
421,crocodile,0.995,3.21
422,crocodile,0.995,3.11
423,crocodile,0.9952,2.8
424,crocodile,0.9998,3.19
425,crocodile,0.9992,2.41
426,crocodile,0.9997,3.17
427,crocodile,0.9999,3.09
428,crocodile,0.9999,3.08
429,crocodile,1.0,3.15
430,crocodile,1.0,3.22
431,crocodile,0.9999,3.22
432,crocodile,0.9999,2.9
433,crocodile,0.9999,3.25
434,crocodile,0.9992,3.45
435,crocodile,0.9976,3.29
436,crocodile,0.999,3.1
437,crocodile,0.9402,3.2
438,crocodile,0.9372,3.26
439,crocodile,0.7216,3.29
440,crocodile,0.9416,2.62
441,crocodile,0.6686,3.28
442,crocodile,0.9333,3.19
443,crocodile,0.733,3.39
444,crocodile,0.981,3.33
445,crocodile,0.9953,3.14
446,crocodile,0.9686,3.01
447,crocodile,0.9342,3.33
448,crocodile,0.8377,3.17
449,non-crocodile,0.5599,3.3
450,crocodile,0.9544,3.3
451,crocodile,0.9279,2.4
452,crocodile,0.9851,3.27
453,crocodile,0.9983,2.94
454,crocodile,0.9991,3.45
455,crocodile,0.9997,3.76
456,crocodile,0.9987,3.49
457,crocodile,0.9978,4.09
458,crocodile,0.9997,3.76
459,crocodile,0.9987,3.97
460,crocodile,0.9989,3.05
461,crocodile,0.9986,3.25
462,crocodile,0.9994,2.85
463,crocodile,0.9995,3.02
464,crocodile,0.9987,3.02
465,crocodile,0.9981,3.02
466,crocodile,0.9993,2.61
467,crocodile,0.9991,2.44
468,crocodile,0.9995,2.49
469,crocodile,0.9989,2.56
470,crocodile,0.9993,3.13
471,crocodile,0.9992,3.28
472,crocodile,0.999,3.08
473,crocodile,0.9997,3.08
474,crocodile,0.9999,3.25
475,crocodile,1.0,2.57
476,crocodile,1.0,3.47
477,crocodile,0.997,3.26
478,crocodile,0.9897,3.33
479,crocodile,0.987,3.19
480,crocodile,0.9971,3.17
481,crocodile,0.9917,3.13
482,crocodile,0.9993,3.09
483,crocodile,0.9988,3.29
484,crocodile,0.9993,2.53
485,crocodile,0.9999,3.15
486,crocodile,0.9986,3.23
487,crocodile,0.9988,3.3
488,crocodile,0.9986,3.23
489,crocodile,0.9984,3.31
490,crocodile,0.9969,3.2
491,crocodile,0.9996,3.25
492,crocodile,0.9999,3.29
493,crocodile,0.9994,2.64
494,crocodile,0.9992,3.04
495,crocodile,0.9991,3.11
496,crocodile,0.9974,3.13
497,crocodile,0.9992,3.16
498,crocodile,0.9992,3.19
499,crocodile,0.9996,3.09
500,crocodile,0.9994,3.27
501,crocodile,0.9997,2.9
502,crocodile,0.9999,3.03
503,crocodile,0.9994,2.25
504,crocodile,0.9976,3.54
505,crocodile,0.9987,3.62
506,crocodile,0.9729,4.15
507,crocodile,0.9643,4.02
508,crocodile,0.9187,3.78
509,crocodile,0.7839,3.76
510,crocodile,0.8512,3.35
511,crocodile,0.8772,3.33
512,crocodile,0.9518,2.84
513,crocodile,0.9697,3.35
514,crocodile,0.9449,3.17
515,crocodile,0.9457,3.06
516,crocodile,0.9569,3.39
517,crocodile,0.7743,3.17
518,crocodile,0.7773,3.02
519,crocodile,0.8258,2.76
520,non-crocodile,0.7511,2.67
521,non-crocodile,0.8311,3.11
522,non-crocodile,0.8924,3.21
523,non-crocodile,0.9493,3.25
524,non-crocodile,0.9059,3.13
525,non-crocodile,0.9802,3.2
526,non-crocodile,0.8597,2.6
527,non-crocodile,0.8587,3.18
528,non-crocodile,0.8754,3.14
529,non-crocodile,0.9795,3.36
530,non-crocodile,0.9926,3.0
531,non-crocodile,0.9607,3.31
532,non-crocodile,0.5608,2.64
533,non-crocodile,0.8492,3.22
534,crocodile,0.6712,3.2
535,non-crocodile,0.6784,3.07
536,crocodile,0.872,3.19
537,crocodile,0.9607,3.18
538,crocodile,0.9816,3.21
539,crocodile,0.9956,2.71
540,crocodile,0.9972,3.21
541,crocodile,0.9995,3.14
542,crocodile,0.9997,3.36
543,crocodile,0.9999,3.25
544,crocodile,1.0,3.18
545,crocodile,0.9999,3.14
546,crocodile,0.9935,3.31
547,crocodile,0.9709,2.61
548,crocodile,0.9525,3.27
549,crocodile,0.9261,3.3
550,crocodile,0.9562,3.12
551,crocodile,0.9421,2.99
552,crocodile,0.925,3.15
553,crocodile,0.9431,2.95
554,crocodile,0.9617,3.81
555,crocodile,0.9835,4.09
556,crocodile,0.964,3.58
557,crocodile,0.9737,3.94
558,crocodile,0.9738,3.95
559,crocodile,0.9721,4.07
560,crocodile,0.9822,3.13
561,crocodile,0.9648,3.55
562,crocodile,0.9667,3.17
563,crocodile,0.955,3.0
564,crocodile,0.9637,3.34
565,crocodile,0.9703,3.13
566,crocodile,0.97,3.0
567,crocodile,0.9772,3.11
568,crocodile,0.9765,3.08
569,crocodile,0.981,2.97
570,crocodile,0.9882,2.9
571,crocodile,0.9913,3.14
572,crocodile,0.9936,2.5
573,crocodile,0.9947,3.26
574,crocodile,0.9963,3.28
575,crocodile,0.9942,3.32
576,crocodile,0.9974,3.23
577,crocodile,0.9979,3.25
578,crocodile,0.9975,2.61
579,crocodile,0.9988,3.13
580,crocodile,0.9982,3.44
581,crocodile,0.9942,3.29
582,crocodile,0.9988,3.31
583,crocodile,0.9995,3.33
584,crocodile,0.9996,3.2
585,crocodile,0.9997,3.22
586,crocodile,0.9999,3.26
587,crocodile,0.9995,2.57
588,crocodile,0.9997,3.27
589,crocodile,0.9997,3.46
590,crocodile,0.9996,3.2
591,crocodile,0.9997,3.41
592,crocodile,0.9997,3.36
593,crocodile,0.9995,2.95
594,crocodile,0.9997,3.32
595,crocodile,0.9991,3.35
596,crocodile,0.9993,3.05
597,crocodile,0.9994,2.67
598,crocodile,0.9994,3.14
599,crocodile,0.9989,3.27
600,crocodile,0.9993,3.43
601,crocodile,0.9989,2.91
602,crocodile,0.9994,3.42
603,crocodile,0.9994,3.13
604,crocodile,0.9989,3.8
605,crocodile,0.9986,3.72
606,crocodile,0.9979,3.5
607,crocodile,0.9984,3.71
608,crocodile,0.9989,4.06
609,crocodile,0.9961,3.65
610,crocodile,0.9936,3.19
611,crocodile,0.9971,3.07
612,crocodile,0.9981,2.94
613,crocodile,0.9981,2.85
614,crocodile,0.999,2.86
615,crocodile,0.9995,3.05
616,crocodile,0.9998,3.0
617,crocodile,0.9997,3.17
618,crocodile,0.9998,3.0
619,crocodile,0.9996,2.93
620,crocodile,0.9996,3.04
621,crocodile,0.999,2.51
622,crocodile,0.9994,2.52
623,crocodile,0.9957,3.31
624,crocodile,0.9987,2.92
625,crocodile,0.9987,3.19
626,crocodile,0.9983,3.26
627,crocodile,0.9993,3.33
628,crocodile,0.9972,3.15
629,crocodile,0.9994,3.14
630,crocodile,0.9976,2.67
631,crocodile,0.9937,3.81
632,crocodile,0.9973,3.89
633,crocodile,0.9939,3.73
634,crocodile,0.9944,4.23
635,crocodile,0.9938,3.9
636,crocodile,0.994,3.94
637,crocodile,0.9942,3.54
638,crocodile,0.9984,3.8
639,crocodile,0.9973,3.59
640,crocodile,0.9986,3.09
641,crocodile,0.9976,2.92
642,crocodile,0.9984,3.18
643,crocodile,0.9989,3.17
644,crocodile,0.9985,2.97
645,crocodile,0.9992,3.14
646,crocodile,0.9995,2.95
647,crocodile,0.999,3.25
648,crocodile,0.9996,3.12
649,crocodile,0.9996,2.42
650,crocodile,0.9991,3.21
651,crocodile,0.999,2.93
652,crocodile,0.9992,3.27
653,crocodile,0.9996,2.9
654,crocodile,0.9997,2.98
655,crocodile,0.9996,3.16
656,crocodile,0.9997,3.24
657,crocodile,0.999,3.43
658,crocodile,0.997,3.33
659,crocodile,0.9972,3.25
660,crocodile,0.9985,3.33
661,crocodile,0.9994,2.99
662,crocodile,0.999,3.23
663,crocodile,0.9982,3.25
664,crocodile,0.9969,3.08
665,crocodile,0.9984,3.22
666,crocodile,0.9986,3.25
667,crocodile,0.9968,2.77
668,crocodile,0.9975,3.36
669,crocodile,0.9887,3.14
670,crocodile,0.9703,3.1
671,crocodile,0.9887,3.21
672,crocodile,0.9999,2.84
673,crocodile,0.999,2.47
674,crocodile,0.7461,3.82
675,crocodile,0.9975,4.25
676,crocodile,0.9501,3.88
677,crocodile,0.9174,3.94
678,crocodile,0.5882,4.0
679,crocodile,0.9975,3.95
680,crocodile,0.9966,3.41
681,crocodile,0.9992,3.23
682,crocodile,0.9999,3.31
683,crocodile,0.9998,3.1
684,crocodile,0.9999,3.27
685,crocodile,1.0,3.32
686,crocodile,1.0,3.16
687,crocodile,1.0,3.03
688,crocodile,1.0,2.39
689,crocodile,1.0,3.23
690,crocodile,1.0,3.31
691,crocodile,1.0,3.31
692,crocodile,1.0,3.06
693,crocodile,1.0,3.37
694,crocodile,1.0,3.22
695,crocodile,1.0,2.97
696,crocodile,1.0,3.3
697,crocodile,1.0,2.48
698,crocodile,1.0,3.37
699,crocodile,1.0,3.33
700,crocodile,1.0,3.41
701,crocodile,1.0,2.9
702,crocodile,1.0,3.8
703,crocodile,1.0,3.77
704,crocodile,1.0,3.4
705,crocodile,1.0,3.7
706,crocodile,1.0,3.78
707,crocodile,1.0,3.99
708,crocodile,1.0,3.27
709,crocodile,1.0,3.19
710,crocodile,1.0,3.34
711,crocodile,1.0,3.19
712,crocodile,1.0,3.19
713,crocodile,1.0,3.16
714,crocodile,1.0,2.59
715,crocodile,1.0,3.52
716,crocodile,1.0,3.52
717,crocodile,1.0,3.28
718,crocodile,1.0,3.15
719,crocodile,1.0,3.14
720,crocodile,1.0,2.8
721,crocodile,0.9981,3.39
722,crocodile,1.0,3.19
723,crocodile,1.0,3.14
724,crocodile,1.0,3.19
725,crocodile,1.0,2.64
726,crocodile,1.0,3.2
727,crocodile,1.0,3.34
728,crocodile,1.0,3.4
729,crocodile,1.0,3.11
730,crocodile,1.0,3.35
731,crocodile,1.0,3.43
732,crocodile,1.0,3.2
733,crocodile,1.0,3.31
734,crocodile,1.0,3.23
735,crocodile,1.0,2.34
736,crocodile,1.0,3.04
737,crocodile,1.0,3.2
738,crocodile,1.0,3.24
739,crocodile,1.0,3.33
740,crocodile,1.0,3.2
741,crocodile,1.0,3.1
742,crocodile,1.0,3.07
743,crocodile,1.0,3.43
744,crocodile,1.0,3.21
745,crocodile,1.0,2.62
746,crocodile,1.0,3.45
747,crocodile,1.0,3.2
748,crocodile,1.0,3.19
749,crocodile,1.0,3.27
750,crocodile,1.0,3.43
751,crocodile,1.0,2.74
752,crocodile,1.0,3.15
753,crocodile,1.0,2.85
754,crocodile,1.0,3.05
755,crocodile,1.0,4.06
756,crocodile,1.0,3.83
757,crocodile,1.0,3.84
758,crocodile,1.0,3.8
759,crocodile,1.0,3.76
760,crocodile,1.0,3.79
761,crocodile,1.0,3.0
762,crocodile,1.0,3.52
763,crocodile,1.0,3.53
764,crocodile,1.0,3.21
765,crocodile,1.0,3.27
766,crocodile,1.0,3.04
767,crocodile,1.0,2.75
768,crocodile,1.0,3.2
769,crocodile,1.0,3.09
770,crocodile,1.0,3.12
771,crocodile,1.0,2.99
772,crocodile,1.0,3.13
773,crocodile,1.0,2.66
774,crocodile,1.0,3.24
775,crocodile,1.0,3.26
776,crocodile,1.0,3.15
777,crocodile,1.0,3.28
778,crocodile,1.0,3.27
779,crocodile,1.0,2.87
780,crocodile,1.0,2.71
781,crocodile,1.0,2.61
782,crocodile,1.0,2.96
783,crocodile,1.0,3.18
784,crocodile,1.0,2.93
785,crocodile,1.0,3.1
786,crocodile,1.0,3.4
787,crocodile,1.0,2.53
788,crocodile,1.0,3.22
789,crocodile,1.0,3.24
790,crocodile,1.0,3.16
791,crocodile,1.0,3.22
792,crocodile,1.0,3.14
793,crocodile,1.0,3.24
794,crocodile,1.0,3.26
795,crocodile,1.0,2.71
796,crocodile,1.0,3.13
797,crocodile,1.0,3.21
798,crocodile,1.0,3.06
799,crocodile,1.0,3.18
800,crocodile,1.0,3.29
801,crocodile,1.0,2.76
802,crocodile,1.0,3.04
803,crocodile,1.0,2.86
804,crocodile,1.0,3.08
805,crocodile,1.0,3.9
806,crocodile,1.0,3.88
807,crocodile,1.0,3.89
808,crocodile,1.0,3.89
809,crocodile,1.0,3.71
810,crocodile,1.0,3.64
811,crocodile,1.0,3.33
812,crocodile,1.0,3.16
813,crocodile,1.0,3.26
814,crocodile,1.0,2.73
815,crocodile,1.0,3.06
816,crocodile,1.0,2.9
817,crocodile,1.0,3.17
818,crocodile,1.0,3.19
819,crocodile,1.0,3.2
820,crocodile,1.0,3.12
821,crocodile,1.0,2.93
822,crocodile,1.0,2.73
823,crocodile,1.0,3.13
824,crocodile,1.0,3.21
825,crocodile,1.0,3.11
826,crocodile,1.0,3.14
827,crocodile,1.0,3.34
828,crocodile,1.0,3.09
829,crocodile,1.0,2.88
830,crocodile,1.0,3.39
831,crocodile,1.0,2.55
832,crocodile,1.0,3.25
833,crocodile,1.0,3.39
834,crocodile,1.0,3.27
835,crocodile,1.0,3.4
836,crocodile,1.0,3.29
837,crocodile,1.0,2.89
838,crocodile,1.0,2.84
839,crocodile,1.0,3.03
840,crocodile,1.0,3.17
841,crocodile,0.9999,2.99
842,crocodile,0.9999,2.61
843,crocodile,0.9999,3.33
844,crocodile,0.9999,3.0
845,crocodile,0.9999,3.3
846,crocodile,0.9999,3.23
847,crocodile,0.9999,3.27
848,crocodile,0.9999,2.56
849,crocodile,0.9999,2.62
850,crocodile,0.9999,2.4
851,crocodile,0.9999,2.2
852,crocodile,0.9999,3.86
853,crocodile,0.9999,3.59
854,crocodile,0.9999,4.12
855,crocodile,0.9999,3.71
856,crocodile,0.9999,3.98
857,crocodile,0.9999,4.05
858,crocodile,0.9999,3.64
859,crocodile,0.9999,3.93
860,crocodile,0.9999,3.57
861,crocodile,0.9999,3.81
862,crocodile,0.9999,3.58
863,crocodile,0.9999,3.65
864,crocodile,0.9999,3.58
865,crocodile,1.0,3.5
866,crocodile,1.0,3.15
867,crocodile,1.0,3.09
868,crocodile,0.9999,3.29
869,crocodile,1.0,3.13
870,crocodile,1.0,3.19
871,crocodile,1.0,3.12
872,crocodile,1.0,3.26
873,crocodile,1.0,2.72
874,crocodile,1.0,3.33
875,crocodile,1.0,2.52
876,crocodile,1.0,2.49
877,crocodile,1.0,2.69
878,crocodile,1.0,2.51
879,crocodile,1.0,2.7
880,crocodile,1.0,2.61
881,crocodile,1.0,3.03
882,crocodile,1.0,3.15
883,crocodile,1.0,3.39
884,crocodile,1.0,3.27
885,crocodile,1.0,3.35
886,crocodile,1.0,2.56
887,crocodile,1.0,2.62
888,crocodile,1.0,2.85
889,crocodile,1.0,3.29
890,crocodile,1.0,3.1
891,crocodile,1.0,3.12
892,crocodile,1.0,3.09
893,crocodile,1.0,2.61
894,crocodile,1.0,3.29
895,crocodile,1.0,3.21
896,crocodile,1.0,3.48
897,crocodile,1.0,3.46
898,crocodile,1.0,3.46
899,crocodile,1.0,3.55
900,crocodile,1.0,3.38
901,crocodile,1.0,2.82
902,crocodile,1.0,3.15
903,crocodile,1.0,2.79
904,crocodile,1.0,2.93
905,crocodile,0.9996,3.16
906,crocodile,0.9961,3.03
907,crocodile,0.9973,3.17
908,crocodile,0.9994,3.27
909,crocodile,0.9996,3.3
910,crocodile,0.9994,3.24
911,crocodile,0.9996,3.37
912,crocodile,0.9991,3.32
913,crocodile,0.9994,3.28
914,crocodile,0.9995,3.07
915,crocodile,0.9993,3.1
916,crocodile,0.9993,3.31
917,crocodile,0.9992,2.44
918,crocodile,0.9992,3.82
919,crocodile,0.9994,3.86
920,crocodile,0.9992,3.92
921,crocodile,0.9993,3.79
922,crocodile,0.5358,3.46
923,crocodile,0.5415,3.92
924,crocodile,0.623,3.58
925,crocodile,0.6209,3.73
926,crocodile,0.6398,3.85
927,crocodile,0.7233,3.65
928,crocodile,0.6113,3.77
929,crocodile,0.6458,3.5
930,crocodile,0.7624,3.41
931,crocodile,0.9431,3.5
932,crocodile,0.6177,2.9
933,crocodile,0.938,3.12
934,crocodile,0.9795,3.14
935,crocodile,0.9903,3.08
936,crocodile,0.973,3.11
937,crocodile,0.9579,3.2
938,non-crocodile,0.6225,2.95
939,non-crocodile,0.5103,2.96
940,non-crocodile,0.7354,2.56
941,non-crocodile,0.8184,3.21
942,non-crocodile,0.7614,3.18
943,non-crocodile,0.7899,3.28
944,non-crocodile,0.7501,3.36
945,non-crocodile,0.7695,3.28
946,non-crocodile,0.7334,3.05
947,non-crocodile,0.6729,3.06
948,non-crocodile,0.5448,2.68
949,crocodile,0.7249,3.36
950,crocodile,0.8426,3.15
951,crocodile,0.906,2.86
952,crocodile,0.9807,3.01
953,crocodile,0.9917,2.8
954,crocodile,0.9905,2.98
955,crocodile,0.9882,4.08
956,crocodile,0.9986,3.7
957,crocodile,0.9985,3.75
958,crocodile,0.9999,3.31
959,crocodile,1.0,3.66
960,crocodile,1.0,3.56
961,crocodile,1.0,3.01
962,crocodile,1.0,3.26
963,crocodile,1.0,3.05
964,crocodile,0.9999,3.31
965,crocodile,1.0,3.16
966,crocodile,0.9999,3.11
967,crocodile,0.9998,3.38
968,crocodile,0.9999,3.31
969,crocodile,0.9996,3.11
970,crocodile,0.9998,2.7
971,crocodile,0.9998,2.63
972,crocodile,0.9999,3.12
973,crocodile,0.9999,3.33
974,crocodile,0.9999,3.4
975,crocodile,1.0,3.17
976,crocodile,1.0,3.27
977,crocodile,1.0,3.22
978,crocodile,1.0,3.24
979,crocodile,1.0,3.35
980,crocodile,1.0,3.09
981,crocodile,1.0,3.15
982,crocodile,0.9999,2.97
983,crocodile,1.0,3.1
984,crocodile,1.0,3.0
985,crocodile,1.0,2.88
986,crocodile,1.0,3.22
987,crocodile,1.0,3.33
988,crocodile,1.0,3.16
989,crocodile,1.0,2.98
990,crocodile,1.0,3.2
991,crocodile,1.0,3.11
992,crocodile,1.0,3.27
993,crocodile,1.0,3.13
994,crocodile,1.0,2.54
995,crocodile,1.0,2.59
996,crocodile,1.0,2.46
997,crocodile,1.0,2.75
998,crocodile,1.0,2.53
999,crocodile,1.0,2.45
1000,crocodile,1.0,2.63
1001,crocodile,1.0,3.03
1002,crocodile,1.0,3.08
1003,crocodile,1.0,2.84
1004,crocodile,1.0,3.0
1005,crocodile,1.0,3.98
1006,crocodile,1.0,3.89
1007,crocodile,1.0,3.72
1008,crocodile,1.0,3.83
1009,crocodile,1.0,3.87
1010,crocodile,1.0,3.76
1011,crocodile,1.0,3.63
1012,crocodile,1.0,3.21
1013,crocodile,1.0,3.26
1014,crocodile,1.0,2.91
1015,crocodile,1.0,2.88
1016,crocodile,1.0,3.08
1017,crocodile,1.0,2.6
1018,crocodile,1.0,2.77
1019,crocodile,1.0,3.23
1020,crocodile,1.0,3.06
1021,crocodile,1.0,3.26
1022,crocodile,1.0,3.3
1023,crocodile,1.0,3.11
1024,crocodile,1.0,3.12
1025,crocodile,1.0,3.2
1026,crocodile,1.0,2.51
1027,crocodile,1.0,3.99
1028,crocodile,1.0,4.19
1029,crocodile,1.0,3.93
1030,crocodile,1.0,3.98
1031,crocodile,1.0,3.61
1032,crocodile,1.0,3.74
1033,crocodile,1.0,3.66
1034,crocodile,1.0,3.84
1035,crocodile,1.0,3.69
1036,crocodile,1.0,3.75
1037,crocodile,1.0,3.58
1038,crocodile,1.0,3.73
1039,crocodile,1.0,3.53
1040,crocodile,1.0,3.28
1041,crocodile,1.0,3.14
1042,crocodile,1.0,3.07
1043,crocodile,1.0,3.06
1044,crocodile,1.0,3.05
1045,crocodile,1.0,3.07
1046,crocodile,0.9999,3.09
1047,crocodile,0.9999,3.14
1048,crocodile,0.9999,2.95
1049,crocodile,0.9997,3.09
1050,crocodile,0.9998,2.63
1051,crocodile,0.9998,2.9
1052,crocodile,0.9998,3.09
1053,crocodile,0.9999,3.0
1054,crocodile,1.0,3.77
1055,crocodile,1.0,3.71
1056,crocodile,0.9999,3.7
1057,crocodile,0.9999,4.07
1058,crocodile,0.9999,3.66
1059,crocodile,0.9999,4.05
1060,crocodile,0.9999,3.28
1061,crocodile,0.9999,3.42
1062,crocodile,1.0,3.59
1063,crocodile,0.9998,3.21
1064,crocodile,0.9998,2.86
1065,crocodile,0.9998,3.05
1066,crocodile,0.9998,2.96
1067,crocodile,0.9998,3.01
1068,crocodile,0.9998,3.29
1069,crocodile,0.9998,3.26
1070,crocodile,0.9998,2.98
1071,crocodile,0.9998,2.84
1072,crocodile,0.9998,2.43
1073,crocodile,0.9998,3.27
1074,crocodile,0.9998,3.25
1075,crocodile,0.9998,3.36
1076,crocodile,0.9998,3.09
1077,crocodile,0.9999,3.31
1078,crocodile,0.9999,3.07
1079,crocodile,0.9999,2.81
1080,crocodile,0.9999,2.87
1081,crocodile,0.9998,3.17
1082,crocodile,0.9999,2.55
1083,crocodile,0.9998,3.32
1084,crocodile,0.9998,3.11
1085,crocodile,0.9998,3.1
1086,crocodile,0.9999,3.38
1087,crocodile,0.9999,3.41
1088,crocodile,0.9999,3.31
1089,crocodile,0.9999,3.19
1090,crocodile,0.9998,3.23
1091,crocodile,0.9999,2.82
1092,crocodile,0.9947,3.3
1093,crocodile,0.9997,3.27
1094,crocodile,0.9997,3.27
1095,crocodile,0.9997,2.96
1096,crocodile,1.0,3.23
1097,crocodile,1.0,3.13
1098,crocodile,1.0,3.14
1099,crocodile,1.0,2.72
1100,crocodile,1.0,3.24
1101,crocodile,1.0,3.02
1102,crocodile,1.0,3.25
1103,crocodile,1.0,2.92
1104,crocodile,1.0,3.54
1105,crocodile,1.0,3.94
1106,crocodile,1.0,3.87
1107,crocodile,1.0,3.82
1108,crocodile,1.0,4.03
1109,crocodile,1.0,3.56
1110,crocodile,1.0,3.29
1111,crocodile,1.0,3.37
1112,crocodile,1.0,3.43
1113,crocodile,1.0,3.13
1114,crocodile,1.0,2.88
1115,crocodile,1.0,3.31
1116,crocodile,1.0,3.08
1117,crocodile,1.0,3.01
1118,crocodile,1.0,3.26
1119,crocodile,1.0,3.15
1120,crocodile,1.0,3.15
1121,crocodile,1.0,3.14
1122,crocodile,1.0,2.58
1123,crocodile,1.0,2.78
1124,crocodile,1.0,3.32
1125,crocodile,1.0,3.14
1126,crocodile,1.0,3.21
1127,crocodile,1.0,2.84
1128,crocodile,1.0,3.11
1129,crocodile,1.0,2.54
1130,crocodile,1.0,3.24
1131,crocodile,1.0,3.24
1132,crocodile,1.0,3.21
1133,crocodile,1.0,3.12
1134,crocodile,1.0,3.01
1135,crocodile,1.0,2.79
1136,crocodile,1.0,3.29
1137,crocodile,1.0,3.41
1138,crocodile,1.0,3.42
1139,crocodile,1.0,3.33
1140,crocodile,1.0,3.22
1141,crocodile,1.0,3.34
1142,crocodile,1.0,2.7
1143,crocodile,1.0,2.53
1144,crocodile,1.0,3.15
1145,crocodile,1.0,3.24
1146,crocodile,1.0,3.36
1147,crocodile,1.0,3.3
1148,crocodile,1.0,3.45
1149,crocodile,1.0,3.34
1150,crocodile,1.0,3.13
1151,crocodile,1.0,2.95
1152,crocodile,1.0,3.14
1153,crocodile,1.0,3.06
1154,crocodile,1.0,3.55
1155,crocodile,1.0,3.97
1156,crocodile,1.0,3.63
1157,crocodile,1.0,3.85
1158,crocodile,1.0,3.62
1159,crocodile,1.0,3.68
1160,crocodile,1.0,3.35
1161,crocodile,1.0,3.57
1162,crocodile,1.0,3.6
1163,crocodile,1.0,2.98
1164,crocodile,1.0,3.19
1165,crocodile,1.0,3.35
1166,crocodile,1.0,3.04
1167,crocodile,1.0,3.18
1168,crocodile,1.0,3.16
1169,crocodile,1.0,3.15
1170,crocodile,1.0,3.25
1171,crocodile,1.0,3.38
1172,crocodile,1.0,2.52
1173,crocodile,1.0,3.24
1174,crocodile,1.0,3.16
1175,crocodile,1.0,3.26
1176,crocodile,1.0,3.2
1177,crocodile,1.0,3.26
1178,crocodile,1.0,2.95
1179,crocodile,1.0,2.71
1180,crocodile,1.0,3.28
1181,crocodile,1.0,3.27
1182,crocodile,1.0,3.18
1183,crocodile,1.0,3.32
1184,crocodile,1.0,3.23
1185,crocodile,1.0,2.52
1186,crocodile,1.0,3.06
1187,crocodile,1.0,2.89
1188,crocodile,1.0,3.29
1189,crocodile,1.0,3.14
1190,crocodile,1.0,2.82
1191,crocodile,1.0,3.36
1192,crocodile,1.0,3.18
1193,crocodile,1.0,3.06
1194,crocodile,1.0,3.3
1195,crocodile,1.0,3.23
1196,crocodile,1.0,3.23
1197,crocodile,1.0,2.99
1198,crocodile,1.0,3.24
1199,crocodile,1.0,2.49
1200,crocodile,1.0,2.99
1201,crocodile,1.0,2.58
1202,crocodile,1.0,2.94
1203,crocodile,1.0,3.07
1204,crocodile,1.0,2.98
1205,crocodile,1.0,3.53
1206,crocodile,1.0,3.84
1207,crocodile,1.0,3.82
1208,crocodile,1.0,3.74
1209,crocodile,1.0,3.34
1210,crocodile,1.0,3.71
1211,crocodile,1.0,3.31
1212,crocodile,1.0,3.46
1213,crocodile,1.0,3.43
1214,crocodile,1.0,2.99
1215,crocodile,0.9869,3.08
1216,crocodile,0.971,2.8
1217,crocodile,0.9886,3.24
1218,crocodile,0.9573,3.0
1219,crocodile,0.9602,3.15
1220,crocodile,0.8843,3.24
1221,crocodile,0.9344,2.75
1222,crocodile,0.8774,3.02
1223,crocodile,0.9824,2.57
1224,crocodile,0.996,3.18
1225,crocodile,0.9927,3.18
1226,crocodile,0.9884,3.13
1227,crocodile,0.9871,3.28
1228,crocodile,0.991,3.42
1229,crocodile,0.9907,2.65
1230,crocodile,0.9861,3.26
1231,crocodile,0.9869,3.22
1232,crocodile,0.9898,3.14
1233,crocodile,0.99,3.32
1234,crocodile,0.9887,3.1
1235,crocodile,0.9828,2.73
1236,crocodile,0.9858,3.03
1237,crocodile,0.985,3.15
1238,crocodile,0.9856,3.23
1239,crocodile,0.9884,3.19
1240,crocodile,0.9869,3.46
1241,crocodile,0.9881,2.58
1242,crocodile,0.9871,3.38
1243,crocodile,0.9874,3.22
1244,crocodile,0.9859,3.1
1245,crocodile,0.9901,3.18
1246,crocodile,0.9889,3.37
1247,crocodile,0.9857,3.08
1248,crocodile,0.9883,2.59
1249,crocodile,0.9901,3.46
1250,crocodile,0.9888,3.51
1251,crocodile,0.989,2.74
1252,crocodile,0.9879,3.87
1253,crocodile,0.9884,3.63
1254,crocodile,0.9831,3.43
1255,crocodile,0.9888,3.74
1256,crocodile,0.9901,3.7
1257,crocodile,0.9942,3.81
1258,crocodile,0.7929,3.33
1259,crocodile,0.8659,3.16
1260,crocodile,0.777,3.27
1261,crocodile,0.8946,3.03
1262,crocodile,0.8723,3.24
1263,crocodile,0.6501,3.02
1264,crocodile,0.5092,3.06
1265,crocodile,0.7981,3.16
1266,crocodile,0.5046,3.02
1267,crocodile,0.6034,3.26
1268,crocodile,0.5409,2.64
1269,non-crocodile,0.6672,3.14
1270,non-crocodile,0.7159,3.19
1271,non-crocodile,0.5739,3.24
1272,non-crocodile,0.6616,3.21
1273,non-crocodile,0.5114,3.23
1274,non-crocodile,0.6276,2.6
1275,crocodile,0.5946,3.29
1276,crocodile,0.7489,3.11
1277,crocodile,0.939,3.43
1278,crocodile,0.7393,3.18
1279,crocodile,0.8793,3.25
1280,crocodile,0.8219,3.46
1281,crocodile,0.895,3.18
1282,crocodile,0.6947,3.22
1283,crocodile,0.7895,2.49
1284,crocodile,0.6925,3.05
1285,crocodile,0.8277,3.22
1286,crocodile,0.5117,3.44
1287,crocodile,0.7636,3.26
1288,crocodile,0.8959,3.25
1289,crocodile,0.9255,3.05
1290,crocodile,0.9099,3.01
1291,crocodile,0.8945,2.67
1292,crocodile,0.8987,2.66
1293,crocodile,0.6065,3.23
1294,non-crocodile,0.8175,3.02
1295,non-crocodile,0.8343,3.02
1296,non-crocodile,0.856,2.71
1297,crocodile,0.5448,3.14
1298,non-crocodile,0.7896,2.72
1299,non-crocodile,0.8093,3.15
1300,crocodile,0.7583,3.2
1301,crocodile,0.9526,2.92
1302,crocodile,0.9091,3.44
1303,crocodile,0.9776,3.01
1304,crocodile,0.9661,2.99
1305,crocodile,0.9809,4.13
1306,crocodile,0.9906,3.73
1307,crocodile,0.9885,4.1
1308,crocodile,0.9645,3.72
1309,crocodile,0.9909,4.02
1310,crocodile,0.9907,3.9
1311,crocodile,0.9964,3.12
1312,crocodile,0.988,3.48
1313,crocodile,0.9932,3.53
1314,crocodile,0.9698,2.85
1315,crocodile,0.9957,3.2
1316,crocodile,0.8778,3.02
1317,crocodile,0.8504,3.03
1318,crocodile,0.8823,3.15
1319,crocodile,0.5471,3.04
1320,crocodile,0.7447,2.99
1321,crocodile,0.7664,3.22
1322,crocodile,0.8679,3.2
1323,crocodile,0.9458,2.58
1324,crocodile,0.9858,3.15
1325,crocodile,0.9934,3.19
1326,crocodile,0.9951,3.1
1327,crocodile,0.9954,3.4
1328,crocodile,0.9852,3.2
1329,crocodile,0.9711,2.89
1330,crocodile,0.9942,2.57
1331,crocodile,0.9883,3.1
1332,crocodile,0.9863,3.2
1333,crocodile,0.9786,3.34
1334,crocodile,0.9848,3.22
1335,crocodile,0.9697,3.33
1336,crocodile,0.9463,3.2
1337,crocodile,0.9802,3.26
1338,crocodile,0.9479,3.12
1339,non-crocodile,0.6438,2.74
1340,non-crocodile,0.9586,3.42
1341,crocodile,0.9435,3.42
1342,crocodile,0.9581,3.29
1343,crocodile,0.925,3.48
1344,crocodile,0.9806,3.28
1345,crocodile,0.9744,2.96
1346,crocodile,0.9891,3.09
1347,crocodile,0.9602,3.42
1348,crocodile,0.9817,3.17
1349,crocodile,0.9556,3.24
1350,crocodile,0.8483,2.55
1351,crocodile,0.6081,2.75
1352,non-crocodile,0.7736,3.66
1353,non-crocodile,0.8519,3.56
1354,non-crocodile,0.625,3.62
1355,non-crocodile,0.8471,3.75
1356,non-crocodile,0.9089,3.79
1357,non-crocodile,0.5094,3.75
1358,non-crocodile,0.895,3.2
1359,non-crocodile,0.7867,3.2
1360,crocodile,0.623,3.12
1361,non-crocodile,0.9407,3.25
1362,non-crocodile,0.626,3.1
1363,non-crocodile,0.8158,3.09
1364,crocodile,0.5611,3.08
1365,crocodile,0.9109,3.07
1366,crocodile,0.9332,3.15
1367,crocodile,0.9665,3.37
1368,crocodile,0.8702,2.55
1369,crocodile,0.9457,3.13
1370,crocodile,0.9889,3.37
1371,crocodile,0.9964,3.18
1372,crocodile,0.9938,3.13
1373,crocodile,0.9533,3.3
1374,crocodile,0.942,3.25
1375,crocodile,0.9662,3.16
1376,crocodile,0.837,2.97
1377,crocodile,0.9935,2.55
1378,crocodile,0.9971,3.05
1379,crocodile,0.9991,3.3
1380,crocodile,0.9989,3.29
1381,crocodile,0.9966,3.27
1382,crocodile,0.9978,3.15
1383,crocodile,0.9786,3.21
1384,crocodile,0.9983,3.07
1385,crocodile,0.9927,3.13
1386,crocodile,0.9903,2.99
1387,crocodile,0.9558,2.65
1388,crocodile,0.9683,3.25
1389,crocodile,0.9775,3.46
1390,crocodile,0.9971,3.21
1391,crocodile,0.9959,2.83
1392,crocodile,0.9982,3.19
1393,crocodile,0.994,2.19
1394,crocodile,0.998,2.43
1395,crocodile,0.997,3.68
1396,crocodile,0.9948,3.74
1397,crocodile,0.9979,3.85
1398,crocodile,0.9924,3.78
1399,crocodile,0.8687,3.76
1400,crocodile,0.875,3.93
1401,crocodile,0.8493,3.18
1402,crocodile,0.9017,3.15
1403,crocodile,0.7894,3.32
1404,crocodile,0.9067,3.17
1405,crocodile,0.9098,3.25
1406,crocodile,0.8852,3.4
1407,crocodile,0.8955,2.98
1408,crocodile,0.9294,2.76
1409,crocodile,0.9358,2.88
1410,crocodile,0.9899,3.08
1411,crocodile,0.9815,2.92
1412,crocodile,0.9773,3.06
1413,crocodile,0.9362,3.15
1414,crocodile,0.9437,3.17
1415,crocodile,0.9315,3.31
1416,crocodile,0.9855,3.3
1417,crocodile,0.9802,2.55
1418,crocodile,0.992,3.34
1419,crocodile,0.9813,3.51
1420,crocodile,0.9956,3.13
1421,crocodile,0.9826,3.46
1422,crocodile,0.9979,3.1
1423,crocodile,0.9767,2.9
1424,crocodile,0.9888,3.33
1425,crocodile,0.9607,3.38
1426,crocodile,0.9871,3.04
1427,crocodile,0.9175,2.89
1428,crocodile,0.9817,2.68
1429,crocodile,0.983,2.51
1430,crocodile,0.9918,3.46
1431,crocodile,0.99,3.35
1432,crocodile,0.9896,3.09
1433,crocodile,0.9879,3.3
1434,crocodile,0.9941,3.33
1435,crocodile,0.9804,2.57
1436,crocodile,0.994,3.44
1437,crocodile,0.9801,3.0
1438,crocodile,0.9818,3.17
1439,crocodile,0.993,3.12
1440,crocodile,0.9891,3.06
1441,crocodile,0.9967,3.19
1442,crocodile,0.9975,2.6
1443,crocodile,0.9953,3.3
1444,crocodile,0.9891,3.21
1445,crocodile,0.9898,3.17
1446,crocodile,0.9972,3.1
1447,crocodile,0.9966,3.23
1448,crocodile,0.9985,3.08
1449,crocodile,0.9989,3.29
1450,crocodile,0.9883,3.1
1451,crocodile,0.9871,2.58
1452,crocodile,0.9859,3.18
1453,crocodile,0.9875,2.89
1454,crocodile,0.9822,3.04
1455,crocodile,0.9877,3.35
1456,crocodile,0.9871,3.29
1457,crocodile,0.9866,3.32
1458,crocodile,0.9813,3.25
1459,crocodile,0.9801,3.51
1460,crocodile,0.9652,3.12
1461,crocodile,0.9764,3.38
1462,crocodile,0.9813,2.96
1463,crocodile,0.9673,3.42
1464,crocodile,0.9821,3.33
1465,crocodile,0.9693,3.18
1466,crocodile,0.9835,3.28
1467,crocodile,0.9625,3.14
1468,crocodile,0.9725,3.17
1469,crocodile,0.9581,3.12
1470,crocodile,0.9765,3.2
1471,crocodile,0.6988,2.47
1472,crocodile,0.9376,3.93
1473,crocodile,0.9184,3.97
1474,crocodile,0.8689,3.74
1475,crocodile,0.8324,3.82
1476,crocodile,0.9486,3.97
1477,crocodile,0.9693,3.83
1478,crocodile,0.9447,3.55
1479,crocodile,0.9783,3.67
1480,crocodile,0.9611,3.88
1481,crocodile,0.7955,3.82
1482,crocodile,0.9221,3.55
1483,crocodile,0.9802,3.21
1484,crocodile,0.9784,3.07
1485,crocodile,0.9422,3.01
1486,crocodile,0.9857,3.3
1487,crocodile,0.971,2.88
1488,crocodile,0.9313,3.16
1489,crocodile,0.9239,3.01
1490,crocodile,0.917,3.21
1491,crocodile,0.7037,2.79
1492,crocodile,0.7235,2.62
1493,crocodile,0.5427,2.52
1494,non-crocodile,0.7128,2.7
1495,crocodile,0.5135,3.19
1496,non-crocodile,0.577,2.97
1497,non-crocodile,0.6792,3.26
1498,non-crocodile,0.5876,3.2
1499,non-crocodile,0.6774,3.1
1500,non-crocodile,0.5896,2.67
1501,non-crocodile,0.8372,2.62
1502,non-crocodile,0.8294,3.21
1503,non-crocodile,0.9612,3.06
1504,non-crocodile,0.9609,3.03
1505,non-crocodile,0.9825,3.81
1506,non-crocodile,0.9738,3.76
1507,non-crocodile,0.9832,4.1
1508,non-crocodile,0.973,3.76
1509,non-crocodile,0.9762,4.06
1510,non-crocodile,0.9792,3.77
1511,non-crocodile,0.9891,2.83
1512,non-crocodile,0.9867,3.05
1513,non-crocodile,0.956,3.16
1514,non-crocodile,0.9701,3.04
1515,non-crocodile,0.9235,3.04
1516,non-crocodile,0.9168,2.9
1517,non-crocodile,0.9636,3.23
1518,non-crocodile,0.943,3.15
1519,non-crocodile,0.9386,3.05
1520,non-crocodile,0.9785,3.27
1521,non-crocodile,0.9821,2.89
1522,non-crocodile,0.9627,2.89
1523,non-crocodile,0.8224,2.5
1524,non-crocodile,0.8715,2.58
1525,non-crocodile,0.9556,2.5
1526,non-crocodile,0.9833,2.43
1527,non-crocodile,0.9774,2.54
1528,non-crocodile,0.9828,3.26
1529,non-crocodile,0.9668,3.17
1530,non-crocodile,0.9514,3.11
1531,non-crocodile,0.9862,3.17
1532,non-crocodile,0.9823,3.19
1533,non-crocodile,0.9726,2.55
1534,non-crocodile,0.9249,3.31
1535,non-crocodile,0.92,3.38
1536,non-crocodile,0.6772,3.22
1537,non-crocodile,0.8046,3.28
1538,non-crocodile,0.7676,3.31
1539,non-crocodile,0.6861,3.45
1540,non-crocodile,0.6757,3.2
1541,crocodile,0.519,3.17
1542,non-crocodile,0.6692,3.33
1543,non-crocodile,0.5458,2.5
1544,crocodile,0.6948,3.37
1545,crocodile,0.544,3.32
1546,crocodile,0.554,3.0
1547,non-crocodile,0.7081,3.37
1548,non-crocodile,0.6616,3.29
1549,non-crocodile,0.7022,3.2
1550,non-crocodile,0.8034,3.44
1551,non-crocodile,0.7726,3.13
1552,non-crocodile,0.7692,3.38
1553,non-crocodile,0.7505,2.99
1554,crocodile,0.503,2.93
1555,non-crocodile,0.5848,3.52
1556,non-crocodile,0.5396,3.36
1557,crocodile,0.502,3.84
1558,crocodile,0.5455,3.62
1559,non-crocodile,0.5106,4.17
1560,non-crocodile,0.6253,3.81
1561,non-crocodile,0.7247,3.2
1562,crocodile,0.5563,2.97
1563,crocodile,0.6094,3.09
1564,crocodile,0.8234,3.17
1565,crocodile,0.8398,3.06
1566,crocodile,0.7026,3.11
1567,crocodile,0.6497,3.11
1568,crocodile,0.5048,3.05
1569,crocodile,0.691,2.63
1570,crocodile,0.6741,3.22
1571,crocodile,0.5073,3.11
1572,crocodile,0.6079,3.25
1573,crocodile,0.5741,3.25
1574,non-crocodile,0.5423,3.18
1575,non-crocodile,0.7493,3.06
1576,non-crocodile,0.703,2.98
1577,non-crocodile,0.6465,2.48
1578,non-crocodile,0.6824,3.03
1579,non-crocodile,0.6332,3.31
1580,crocodile,0.5833,3.19
1581,non-crocodile,0.7942,3.44
1582,crocodile,0.5686,3.21
1583,non-crocodile,0.771,2.56
1584,non-crocodile,0.7545,2.73
1585,non-crocodile,0.6737,2.83
1586,non-crocodile,0.636,3.06
1587,non-crocodile,0.52,3.13
1588,crocodile,0.5429,3.07
1589,non-crocodile,0.7244,3.08
1590,non-crocodile,0.6554,3.36
1591,crocodile,0.569,3.19
1592,crocodile,0.6946,3.19
1593,crocodile,0.81,3.1
1594,crocodile,0.8027,3.38
1595,crocodile,0.7542,2.46
1596,crocodile,0.8782,3.94
1597,crocodile,0.8678,3.91
1598,crocodile,0.6018,3.92
1599,crocodile,0.61,3.83
1600,crocodile,0.8774,3.83
1601,crocodile,0.9641,3.89
1602,crocodile,0.8624,3.16
1603,crocodile,0.9615,2.88
1604,crocodile,0.9678,3.13
1605,crocodile,0.9944,3.26
1606,crocodile,0.9933,3.34
1607,crocodile,0.9554,3.34
1608,crocodile,0.9268,3.43
1609,crocodile,0.8604,3.01
1610,crocodile,0.8883,3.24
1611,crocodile,0.8933,3.04
1612,crocodile,0.9264,3.28
1613,crocodile,0.9683,3.13
1614,crocodile,0.9967,3.11
1615,crocodile,0.9995,3.2
1616,crocodile,0.9998,2.54
1617,crocodile,0.9998,3.23
1618,crocodile,0.9998,3.28
1619,crocodile,0.9999,3.29
1620,crocodile,0.9998,3.29
1621,crocodile,0.9997,2.95
1622,crocodile,0.9992,3.28
1623,crocodile,0.9983,2.87
1624,crocodile,0.9997,2.79
1625,crocodile,0.9991,2.53
1626,crocodile,0.9984,3.01
1627,crocodile,0.9974,3.33
1628,crocodile,0.9982,3.09
1629,crocodile,0.9656,3.2
1630,crocodile,0.882,3.39
1631,crocodile,0.8314,2.59
1632,crocodile,0.7295,3.32
1633,crocodile,0.8029,3.43
1634,crocodile,0.831,3.03
1635,crocodile,0.9374,3.11
1636,crocodile,0.9702,3.48
1637,crocodile,0.99,3.3
1638,crocodile,0.9995,3.27
1639,crocodile,0.9993,3.3
1640,crocodile,0.9995,3.15
1641,crocodile,0.9995,3.25
1642,crocodile,0.9987,2.57
1643,crocodile,0.9978,3.14
1644,crocodile,0.978,3.06
1645,crocodile,0.9883,3.45
1646,crocodile,0.9811,3.35
1647,crocodile,0.9783,3.21
1648,crocodile,0.9827,3.18
1649,crocodile,0.9939,3.28
1650,crocodile,0.9457,2.97
1651,crocodile,0.9874,2.77
1652,crocodile,0.9747,3.06
1653,crocodile,0.9826,2.91
1654,crocodile,0.9334,2.93
1655,crocodile,0.9631,3.22
1656,crocodile,0.9831,3.28
1657,crocodile,0.9919,3.08
1658,crocodile,0.991,3.46
1659,crocodile,0.9708,3.23
1660,crocodile,0.9823,3.2
1661,crocodile,0.9897,3.42
1662,crocodile,0.9959,3.13
1663,crocodile,0.9928,3.15
1664,crocodile,0.9592,2.61
1665,crocodile,0.9738,3.16
1666,crocodile,0.9849,3.39
1667,crocodile,0.9494,3.12
1668,crocodile,0.8158,3.37
1669,crocodile,0.9649,3.35
1670,crocodile,0.9684,2.95
1671,crocodile,0.9861,3.28
1672,crocodile,0.9954,2.69
1673,crocodile,0.9974,3.45
1674,crocodile,0.9973,3.29
1675,crocodile,0.995,3.37
1676,crocodile,0.9929,3.26
1677,crocodile,0.9944,3.14
1678,crocodile,0.9852,3.34
1679,crocodile,0.9957,3.29
1680,crocodile,0.9956,3.0
1681,crocodile,0.9962,3.19
1682,crocodile,0.9956,3.19
1683,crocodile,0.9989,2.5
1684,crocodile,0.9981,3.47
1685,crocodile,0.997,3.4
1686,crocodile,0.9857,2.8
1687,crocodile,0.9933,3.21
1688,crocodile,0.9869,3.33
1689,crocodile,0.9883,3.04
1690,crocodile,0.992,3.27
1691,crocodile,0.9969,2.99
1692,crocodile,0.996,2.71
1693,crocodile,0.9966,3.4
1694,crocodile,0.9968,3.31
1695,crocodile,0.9977,3.08
1696,crocodile,0.9954,3.33
1697,crocodile,0.9971,3.29
1698,crocodile,0.995,2.65
1699,crocodile,0.9934,3.39
1700,crocodile,0.9941,3.25
1701,crocodile,0.9945,2.71
1702,crocodile,0.9967,3.25
1703,crocodile,0.9972,3.15
1704,crocodile,0.9978,3.54
1705,crocodile,0.9959,4.0
1706,crocodile,0.9944,3.6
1707,crocodile,0.995,3.85
1708,crocodile,0.9969,3.93
1709,crocodile,0.9963,3.83
1710,crocodile,0.9975,3.86
1711,crocodile,0.9971,3.06
1712,crocodile,0.9941,3.18
1713,crocodile,0.9895,3.31
1714,crocodile,0.9966,3.13
1715,crocodile,0.9922,3.31
1716,crocodile,0.9933,3.07
1717,crocodile,0.9949,2.34
1718,crocodile,0.9886,3.25
1719,crocodile,0.9936,3.88
1720,crocodile,0.9905,3.96
1721,crocodile,0.9783,3.78
1722,crocodile,0.9895,4.13
1723,crocodile,0.9902,3.83
1724,crocodile,0.9901,3.56
1725,crocodile,0.9972,3.87
1726,crocodile,0.9964,3.84
1727,crocodile,0.9957,3.69
1728,crocodile,0.9955,3.66
1729,crocodile,0.9928,3.15
1730,crocodile,0.9949,3.09
1731,crocodile,0.9927,3.27
1732,crocodile,0.9961,2.99
1733,crocodile,0.995,3.0
1734,crocodile,0.9921,3.14
1735,crocodile,0.9877,3.24
1736,crocodile,0.9956,2.88
1737,crocodile,0.995,3.17
1738,crocodile,0.9946,2.63
1739,crocodile,0.995,2.56
1740,crocodile,0.9968,3.26
1741,crocodile,0.9977,3.16
1742,crocodile,0.9989,3.11
1743,crocodile,0.9998,3.17
1744,crocodile,0.9999,3.25
1745,crocodile,0.9992,2.9
1746,crocodile,0.9999,2.4
1747,crocodile,0.9998,3.13
1748,crocodile,0.9995,2.85
1749,crocodile,0.9999,2.47
1750,crocodile,1.0,3.0
1751,crocodile,1.0,2.88
1752,crocodile,1.0,3.39
1753,crocodile,1.0,2.9
1754,crocodile,1.0,3.6
1755,crocodile,1.0,4.04
1756,crocodile,1.0,3.74
1757,crocodile,1.0,3.79
1758,crocodile,0.9999,3.82
1759,crocodile,0.9999,3.98
1760,crocodile,0.9999,3.2
1761,crocodile,0.9999,3.15
1762,crocodile,0.9999,3.04
1763,crocodile,0.9998,3.15
1764,crocodile,0.9994,3.22
1765,crocodile,0.9996,2.94
1766,crocodile,0.9996,2.87
1767,crocodile,0.9989,3.02
1768,crocodile,0.9996,2.65
1769,crocodile,0.999,3.15
1770,crocodile,0.9995,3.11
1771,crocodile,0.9919,3.33
1772,crocodile,0.9957,3.24
1773,crocodile,0.9941,3.36
1774,crocodile,0.7418,3.27
1775,crocodile,0.9249,3.17
1776,crocodile,0.7662,2.63
1777,crocodile,0.9703,3.21
1778,crocodile,0.9728,3.33
1779,crocodile,0.9667,3.21
1780,crocodile,0.9914,3.25
1781,crocodile,0.9974,3.15
1782,crocodile,0.9865,3.22
1783,crocodile,0.9901,2.56
1784,crocodile,0.9927,3.23
1785,crocodile,0.9969,3.33
1786,crocodile,0.9982,3.13
1787,crocodile,0.9988,3.12
1788,crocodile,0.9994,3.41
1789,crocodile,0.9998,3.32
1790,crocodile,0.9999,3.39
1791,crocodile,1.0,3.1
1792,crocodile,1.0,3.11
1793,crocodile,0.9999,3.16
1794,crocodile,0.9999,2.62
1795,crocodile,1.0,3.23
1796,crocodile,1.0,3.15
1797,crocodile,0.9999,3.19
1798,crocodile,0.9999,3.22
1799,crocodile,1.0,3.15
1800,crocodile,0.9999,3.1
1801,crocodile,0.9999,2.76
1802,crocodile,0.9998,3.06
1803,crocodile,0.9997,2.88
1804,crocodile,0.9987,3.05
1805,crocodile,0.9959,3.27
1806,crocodile,0.9987,3.34
1807,crocodile,0.9992,3.37
1808,crocodile,0.9992,3.22
1809,crocodile,0.9994,3.18
1810,crocodile,0.9996,3.21
1811,crocodile,0.9988,2.93
1812,crocodile,0.9997,3.15
1813,crocodile,0.999,3.17
1814,crocodile,0.9979,2.45
1815,crocodile,0.9953,4.09
1816,crocodile,0.9815,3.71
1817,crocodile,0.9925,3.95
1818,crocodile,1.0,3.75
1819,crocodile,1.0,3.82
1820,crocodile,0.9999,3.88
1821,crocodile,0.9999,3.23
1822,crocodile,0.9999,3.27
1823,crocodile,1.0,3.13
1824,crocodile,1.0,3.16
1825,crocodile,0.9999,2.94
1826,crocodile,1.0,3.04
1827,crocodile,1.0,2.9
1828,crocodile,1.0,2.64
1829,crocodile,0.9999,3.24
1830,crocodile,1.0,3.42
1831,crocodile,1.0,3.26
1832,crocodile,1.0,3.47
1833,crocodile,1.0,2.98
1834,crocodile,1.0,3.43
1835,crocodile,0.9999,3.23
1836,crocodile,0.9999,3.21
1837,crocodile,0.9998,3.41
1838,crocodile,0.9998,3.17
1839,crocodile,0.9998,3.04
1840,crocodile,1.0,3.33
1841,crocodile,0.9999,3.19
1842,crocodile,0.9999,2.57
1843,crocodile,0.9999,3.43
1844,crocodile,1.0,3.38
1845,crocodile,1.0,2.77
1846,crocodile,1.0,2.74
1847,crocodile,1.0,3.41
1848,crocodile,1.0,3.0
1849,crocodile,1.0,2.48
1850,crocodile,1.0,2.66
1851,crocodile,1.0,2.9
1852,crocodile,1.0,3.09
1853,crocodile,1.0,2.84
1854,crocodile,1.0,3.21
1855,crocodile,1.0,3.19
1856,crocodile,1.0,3.24
1857,crocodile,1.0,2.98
1858,crocodile,1.0,3.28
1859,crocodile,1.0,2.83
1860,crocodile,1.0,3.39
1861,crocodile,1.0,3.28
1862,crocodile,1.0,3.32
1863,crocodile,1.0,2.74
1864,crocodile,1.0,3.38
1865,crocodile,1.0,3.42
1866,crocodile,1.0,3.47
1867,crocodile,1.0,3.37
1868,crocodile,1.0,3.4
1869,crocodile,1.0,3.19
1870,crocodile,1.0,3.24
1871,crocodile,1.0,3.34
1872,crocodile,1.0,3.17
1873,crocodile,1.0,2.64
1874,crocodile,1.0,3.34
1875,crocodile,1.0,3.33
1876,crocodile,1.0,3.16
1877,crocodile,1.0,3.35
1878,crocodile,1.0,3.33
1879,crocodile,1.0,3.2
1880,crocodile,1.0,3.02
1881,crocodile,1.0,3.01
1882,crocodile,1.0,2.64
1883,crocodile,1.0,3.36
1884,crocodile,1.0,3.24
1885,crocodile,1.0,3.32
1886,crocodile,1.0,3.34
1887,crocodile,1.0,3.07
1888,crocodile,1.0,2.87
1889,crocodile,1.0,2.46
1890,crocodile,1.0,3.36
1891,crocodile,1.0,3.41
1892,crocodile,1.0,3.02
1893,crocodile,1.0,3.53
1894,crocodile,1.0,3.17
1895,crocodile,1.0,3.17
1896,crocodile,1.0,3.11
1897,crocodile,1.0,3.42
1898,crocodile,1.0,2.45
1899,crocodile,1.0,3.4
1900,crocodile,1.0,3.15
1901,crocodile,1.0,2.95
1902,crocodile,1.0,3.25
1903,crocodile,1.0,3.02
1904,crocodile,1.0,3.02
1905,crocodile,1.0,3.23
1906,crocodile,1.0,3.34
1907,crocodile,1.0,3.16
1908,crocodile,1.0,3.33
1909,crocodile,0.9986,3.4
1910,crocodile,0.998,3.12
1911,crocodile,0.9993,3.08
1912,crocodile,0.9996,2.91
1913,crocodile,0.9989,3.05
1914,crocodile,0.9982,3.34
1915,crocodile,0.9978,3.42
1916,crocodile,0.9968,3.35
1917,crocodile,0.9982,3.16
1918,crocodile,0.9986,3.33
1919,crocodile,0.9989,3.11
1920,crocodile,0.9992,3.46
1921,crocodile,0.9988,2.82
1922,crocodile,0.9982,3.05
1923,crocodile,0.9984,3.13
1924,crocodile,0.9973,3.02
1925,crocodile,0.9926,3.51
1926,crocodile,0.9959,3.49
1927,crocodile,0.9968,2.75
1928,crocodile,0.9884,3.0
1929,crocodile,0.9914,3.18
1930,crocodile,0.9987,3.16
1931,crocodile,0.9954,3.13
1932,crocodile,0.996,3.18
1933,crocodile,0.9989,2.75
1934,crocodile,0.9983,2.91
1935,crocodile,0.999,2.88
1936,crocodile,0.9992,3.12
1937,crocodile,0.9983,3.06
1938,crocodile,0.9972,3.49
1939,crocodile,0.9951,2.66
1940,crocodile,0.997,3.21
1941,crocodile,0.9984,3.23
1942,crocodile,0.9962,3.38
1943,crocodile,0.9947,3.08
1944,crocodile,0.9966,3.17
1945,crocodile,0.9976,3.0
1946,crocodile,0.9975,3.17
1947,crocodile,0.999,3.39
1948,crocodile,0.9992,2.65
1949,crocodile,0.9991,3.04
1950,crocodile,0.9991,3.51
1951,crocodile,0.9993,3.05
1952,crocodile,0.9997,3.44
1953,crocodile,0.9997,3.02
1954,crocodile,0.9996,3.25
1955,crocodile,0.9998,3.44
1956,crocodile,0.9999,3.31
1957,crocodile,0.9998,3.25
1958,crocodile,0.9999,3.01
1959,crocodile,0.9999,3.32
1960,crocodile,0.9999,3.01
1961,crocodile,1.0,3.31
1962,crocodile,1.0,3.16
1963,crocodile,1.0,2.72
1964,crocodile,0.9999,3.38
1965,crocodile,0.9999,2.94
1966,crocodile,1.0,3.33
1967,crocodile,1.0,3.35
1968,crocodile,0.9999,3.43
1969,crocodile,0.9999,3.2
1970,crocodile,0.9997,3.28
1971,crocodile,0.9996,3.17
1972,crocodile,0.9996,2.81
1973,crocodile,0.9996,2.63
1974,crocodile,0.9992,2.77
1975,crocodile,0.9992,2.68
1976,crocodile,0.9987,3.45
1977,crocodile,0.9998,3.07
1978,crocodile,0.9988,3.33
1979,crocodile,0.9987,3.07
1980,crocodile,0.9993,2.88
1981,crocodile,0.9992,2.61
1982,crocodile,0.9997,2.62
1983,crocodile,0.9993,2.74
1984,crocodile,0.9998,2.5
1985,crocodile,0.9999,2.53
1986,crocodile,0.9999,2.42
1987,crocodile,1.0,3.16
1988,crocodile,1.0,3.06
1989,crocodile,1.0,3.3
1990,crocodile,1.0,3.27
1991,crocodile,1.0,3.22
1992,crocodile,1.0,2.61
1993,crocodile,1.0,3.54
1994,crocodile,1.0,2.96
1995,crocodile,1.0,3.27
1996,crocodile,1.0,3.36
1997,crocodile,1.0,3.35
1998,crocodile,1.0,3.33
1999,crocodile,1.0,3.29
2000,crocodile,1.0,3.13
2001,crocodile,1.0,2.97
2002,crocodile,1.0,3.03
2003,crocodile,1.0,2.98
2004,crocodile,1.0,3.11
2005,crocodile,1.0,3.24
2006,crocodile,1.0,3.3
2007,crocodile,1.0,3.34
2008,crocodile,1.0,3.26
2009,crocodile,1.0,3.34
2010,crocodile,1.0,3.28
2011,crocodile,1.0,3.08
2012,crocodile,1.0,3.07
2013,crocodile,1.0,2.76
2014,crocodile,0.9998,3.52
2015,crocodile,0.9999,3.27
2016,crocodile,0.9994,3.17
2017,crocodile,0.9996,3.23
2018,crocodile,0.9993,3.16
2019,crocodile,0.9992,3.21
2020,crocodile,0.9651,3.16
2021,crocodile,0.978,3.06
2022,crocodile,0.9626,3.17
2023,crocodile,0.9976,2.59
2024,crocodile,0.9959,2.71
2025,crocodile,0.9977,2.95
2026,crocodile,0.9928,3.3
2027,crocodile,0.9894,3.14
2028,crocodile,0.9887,3.17
2029,crocodile,0.9861,3.3
2030,crocodile,0.952,2.65
2031,crocodile,0.9903,2.42
2032,crocodile,0.9782,2.63
2033,crocodile,1.0,3.43
2034,crocodile,1.0,3.19
2035,crocodile,1.0,3.33
2036,crocodile,1.0,3.32
2037,crocodile,1.0,3.47
2038,crocodile,1.0,3.19
2039,crocodile,1.0,2.63
2040,crocodile,1.0,2.78
2041,crocodile,1.0,3.16
2042,crocodile,1.0,3.22
2043,crocodile,1.0,3.59
2044,crocodile,1.0,3.4
2045,crocodile,0.9999,3.16
2046,crocodile,1.0,3.42
2047,crocodile,0.9999,3.17
2048,crocodile,0.9999,2.62
2049,crocodile,0.9999,3.26
2050,crocodile,0.9999,3.17
2051,crocodile,0.9997,2.92
2052,crocodile,0.9998,3.26
2053,crocodile,0.9999,3.01
2054,crocodile,0.9999,2.98
2055,crocodile,0.9999,3.03
2056,crocodile,0.9998,3.31
2057,crocodile,0.9999,3.15
2058,crocodile,1.0,3.7
2059,crocodile,1.0,3.44
2060,crocodile,0.9999,3.37
2061,crocodile,1.0,3.31
2062,crocodile,1.0,3.0
2063,crocodile,0.9999,3.49
2064,crocodile,0.9999,3.32
2065,crocodile,0.9999,2.73
2066,crocodile,1.0,3.16
2067,crocodile,1.0,2.77
2068,crocodile,1.0,2.88
2069,crocodile,1.0,3.15
2070,crocodile,1.0,3.31
2071,crocodile,1.0,3.5
2072,crocodile,1.0,3.01
2073,crocodile,1.0,3.31
2074,crocodile,1.0,3.5
2075,crocodile,1.0,3.34
2076,crocodile,0.9999,3.15
2077,crocodile,0.9998,2.75
2078,crocodile,0.9999,3.3
2079,crocodile,1.0,3.16
2080,crocodile,1.0,3.17
2081,crocodile,1.0,3.5
2082,crocodile,0.9999,3.33
2083,crocodile,0.9999,3.21
2084,crocodile,0.9996,3.37
2085,crocodile,0.9995,3.15
2086,crocodile,0.9996,3.14
2087,crocodile,0.9997,2.62
2088,crocodile,0.9998,3.01
2089,crocodile,0.9995,3.32
2090,crocodile,0.9996,3.15
2091,crocodile,0.9999,3.02
2092,crocodile,0.9999,3.49
2093,crocodile,1.0,2.63
2094,crocodile,1.0,2.42
2095,crocodile,1.0,2.73
2096,crocodile,1.0,3.0
2097,crocodile,1.0,3.21
2098,crocodile,1.0,3.15
2099,crocodile,1.0,3.15
2100,crocodile,1.0,3.0
2101,crocodile,0.9999,2.4
2102,crocodile,0.9999,3.4
2103,crocodile,0.9999,3.75
2104,crocodile,0.9998,3.95
2105,crocodile,0.9999,4.26
2106,crocodile,0.9999,3.79
2107,crocodile,0.9997,3.97
2108,crocodile,0.9999,3.05
2109,crocodile,1.0,3.31
2110,crocodile,1.0,3.31
2111,crocodile,1.0,3.32
2112,crocodile,1.0,3.21
2113,crocodile,1.0,3.31
2114,crocodile,1.0,3.31
2115,crocodile,1.0,3.26
2116,crocodile,1.0,2.53
2117,crocodile,1.0,2.96
2118,crocodile,1.0,3.27
2119,crocodile,1.0,3.32
2120,crocodile,1.0,3.5
2121,crocodile,1.0,3.16
2122,crocodile,1.0,3.33
2123,crocodile,0.9999,3.16
2124,crocodile,1.0,2.99
2125,crocodile,1.0,2.73
2126,crocodile,1.0,3.15
2127,crocodile,1.0,3.43
2128,crocodile,1.0,3.33
2129,crocodile,1.0,3.48
2130,crocodile,1.0,3.31
2131,crocodile,1.0,3.16
2132,crocodile,1.0,3.5
2133,crocodile,1.0,2.76
2134,crocodile,1.0,2.53
2135,crocodile,1.0,3.43
2136,crocodile,1.0,3.31
2137,crocodile,1.0,3.31
2138,crocodile,1.0,3.43
2139,crocodile,1.0,3.5
2140,crocodile,1.0,3.15
2141,crocodile,1.0,3.26
2142,crocodile,1.0,3.32
2143,crocodile,1.0,3.31
2144,crocodile,1.0,2.65
2145,crocodile,1.0,3.32
2146,crocodile,1.0,3.43
2147,crocodile,1.0,3.31
2148,crocodile,1.0,3.32
2149,crocodile,1.0,3.01
2150,crocodile,1.0,3.16
2151,crocodile,1.0,2.95
2152,crocodile,1.0,3.15
2153,crocodile,0.9999,2.68
2154,crocodile,1.0,3.08
2155,crocodile,0.9999,3.32
2156,crocodile,1.0,3.51
2157,crocodile,1.0,3.16
2158,crocodile,1.0,3.0
2159,crocodile,1.0,3.31
2160,crocodile,1.0,3.33
2161,crocodile,1.0,3.22
2162,crocodile,1.0,3.16
2163,crocodile,1.0,2.59
2164,crocodile,1.0,2.79
2165,crocodile,1.0,3.15
2166,crocodile,1.0,3.23
2167,crocodile,1.0,3.15
2168,crocodile,1.0,3.31
2169,crocodile,1.0,2.63
2170,crocodile,1.0,3.27
2171,crocodile,1.0,3.01
2172,crocodile,1.0,3.33
2173,crocodile,1.0,3.31
2174,crocodile,1.0,3.25
2175,crocodile,1.0,3.32
2176,crocodile,1.0,3.1
2177,crocodile,1.0,3.16
2178,crocodile,1.0,2.66
2179,crocodile,1.0,2.92
2180,crocodile,1.0,3.31
2181,crocodile,0.9699,3.08
2182,crocodile,0.9832,3.32
2183,crocodile,0.9792,3.16
2184,crocodile,0.8438,3.32
2185,crocodile,0.9719,3.15
2186,crocodile,0.9933,3.47
2187,crocodile,0.9983,3.13
2188,crocodile,0.9993,2.54
2189,crocodile,0.9835,3.33
2190,crocodile,0.9993,2.87
2191,crocodile,0.9993,3.11
2192,crocodile,0.9999,3.17
2193,crocodile,1.0,3.08
2194,crocodile,1.0,2.44
2195,crocodile,1.0,3.34
2196,crocodile,1.0,3.33
2197,crocodile,1.0,3.32
2198,crocodile,1.0,3.43
2199,crocodile,1.0,3.45
2200,crocodile,1.0,3.32
2201,crocodile,1.0,2.99
2202,crocodile,1.0,3.55
2203,crocodile,1.0,3.0
2204,crocodile,1.0,2.97
2205,crocodile,1.0,3.08
2206,crocodile,1.0,2.71
2207,crocodile,1.0,3.47
2208,crocodile,1.0,3.34
2209,crocodile,1.0,3.53
2210,crocodile,1.0,3.11
2211,crocodile,1.0,3.34
2212,crocodile,1.0,2.75
2213,crocodile,1.0,3.17
2214,crocodile,1.0,3.33
2215,crocodile,1.0,2.53
2216,crocodile,1.0,3.96
2217,crocodile,1.0,3.96
2218,crocodile,1.0,3.88
2219,crocodile,1.0,3.97
2220,crocodile,1.0,3.77
2221,crocodile,1.0,4.14
2222,crocodile,1.0,3.56
2223,crocodile,1.0,3.52
2224,crocodile,1.0,3.83
2225,crocodile,1.0,3.67
2226,crocodile,1.0,3.76
2227,crocodile,1.0,2.64
2228,crocodile,1.0,3.05
2229,crocodile,1.0,3.28
2230,crocodile,1.0,3.11
2231,crocodile,1.0,2.87
2232,crocodile,1.0,3.33
2233,crocodile,1.0,2.99
2234,crocodile,1.0,3.01
2235,crocodile,1.0,3.17
2236,crocodile,1.0,2.64
2237,crocodile,1.0,2.53
2238,crocodile,1.0,3.4
2239,crocodile,1.0,3.03
2240,crocodile,1.0,2.92
2241,crocodile,0.9981,3.33
2242,crocodile,0.9993,3.13
2243,crocodile,0.9995,2.43
2244,crocodile,0.9976,3.71
2245,crocodile,0.9979,3.65
2246,crocodile,0.988,3.79
2247,crocodile,0.9962,3.73
2248,crocodile,0.9968,4.22
2249,crocodile,0.9967,3.94
2250,crocodile,0.9986,3.97
2251,crocodile,0.9994,3.51
2252,crocodile,0.9995,3.66
2253,crocodile,0.9987,3.56
2254,crocodile,0.9973,3.41
2255,crocodile,0.9944,3.02
2256,crocodile,0.995,3.01
2257,crocodile,0.9901,3.16
2258,crocodile,0.9899,3.12
2259,crocodile,0.9828,2.77
2260,crocodile,0.9764,3.16
2261,crocodile,0.9561,3.33
2262,crocodile,0.9756,3.32
2263,crocodile,0.9777,3.02
2264,crocodile,0.9702,2.63
2265,crocodile,0.9854,3.03
2266,crocodile,0.9868,3.33
2267,crocodile,0.9891,3.16
2268,crocodile,0.9916,3.51
2269,crocodile,0.996,3.33
2270,crocodile,0.992,2.68
2271,crocodile,0.9965,3.38
2272,crocodile,0.9966,3.32
2273,crocodile,0.9966,3.02
2274,crocodile,0.9986,3.33
2275,crocodile,0.999,3.27
2276,crocodile,0.9993,3.16
2277,crocodile,0.9989,3.02
2278,crocodile,0.9985,2.52
2279,crocodile,0.9991,3.16
2280,crocodile,0.9994,3.33
2281,crocodile,0.9994,3.34
2282,crocodile,0.9995,3.16
2283,crocodile,0.9997,3.12
2284,crocodile,0.9994,3.27
2285,crocodile,0.9997,3.51
2286,crocodile,0.9997,3.17
2287,crocodile,0.9998,3.21
2288,crocodile,0.9998,2.61
2289,crocodile,0.9999,3.07
2290,crocodile,0.9997,3.01
2291,crocodile,0.9996,3.33
2292,crocodile,0.9996,3.05
2293,crocodile,0.9994,3.08
2294,crocodile,0.9979,2.73
2295,crocodile,0.9991,3.17
2296,crocodile,0.9987,3.15
2297,crocodile,0.996,3.16
2298,crocodile,0.9976,3.32
2299,crocodile,0.9979,3.39
2300,crocodile,0.9971,3.33
2301,crocodile,0.9982,3.0
2302,crocodile,0.9976,3.34
2303,crocodile,0.9979,3.26
2304,crocodile,0.9989,2.92
2305,crocodile,0.9985,3.42
2306,crocodile,0.9985,3.51
2307,crocodile,0.9986,3.16
2308,crocodile,0.9981,3.33
2309,crocodile,0.9982,3.16
2310,crocodile,0.999,3.12
2311,crocodile,0.9993,3.35
2312,crocodile,0.9988,2.76
2313,crocodile,0.9989,3.46
2314,crocodile,0.9986,3.53
2315,crocodile,0.9977,3.59
2316,crocodile,0.999,3.34
2317,crocodile,0.9988,3.19
2318,crocodile,0.9978,3.42
2319,crocodile,0.9982,3.34
2320,crocodile,0.997,2.85
2321,crocodile,0.9986,2.99
2322,crocodile,0.999,3.02
2323,crocodile,0.9989,2.67
2324,crocodile,0.9991,3.16
2325,crocodile,0.9995,3.34
2326,crocodile,0.9993,3.52
2327,crocodile,0.9995,3.25
2328,crocodile,0.9993,3.02
2329,crocodile,0.9986,3.45
2330,crocodile,0.9994,3.41
2331,crocodile,0.9996,3.17
2332,crocodile,0.9995,2.51
2333,crocodile,0.9997,3.81
2334,crocodile,0.9994,4.09
2335,crocodile,0.9998,3.92
2336,crocodile,0.9999,3.99
2337,crocodile,0.9999,4.21
2338,crocodile,0.9996,4.08
2339,crocodile,0.9987,3.76
2340,crocodile,0.9991,3.31
2341,crocodile,0.9984,3.23
2342,crocodile,0.9993,3.27
2343,crocodile,0.9995,3.37
2344,crocodile,0.9993,3.16
2345,crocodile,0.9993,3.17
2346,crocodile,0.9989,3.15
2347,crocodile,0.9981,2.61
2348,crocodile,0.999,2.43
2349,crocodile,0.9997,3.32
2350,crocodile,0.9996,3.17
2351,crocodile,0.9995,2.98
2352,crocodile,0.9993,2.99
2353,crocodile,0.9994,3.0
2354,crocodile,0.9992,3.22
2355,crocodile,0.9994,3.33
2356,crocodile,0.9993,3.34
2357,crocodile,0.9992,3.01
2358,crocodile,1.0,3.33
2359,crocodile,1.0,3.45
2360,crocodile,0.9999,3.27
2361,crocodile,0.9999,3.34
2362,crocodile,1.0,2.63
2363,crocodile,1.0,3.33
2364,crocodile,1.0,3.5
2365,crocodile,1.0,3.29
2366,crocodile,1.0,3.34
2367,crocodile,1.0,3.14
2368,crocodile,1.0,2.87
2369,crocodile,0.9999,3.32
2370,crocodile,1.0,3.33
2371,crocodile,1.0,3.34
2372,crocodile,1.0,3.05
2373,crocodile,0.9999,2.55
2374,crocodile,0.9999,3.23
2375,crocodile,0.9999,3.11
2376,crocodile,0.9999,3.33
2377,crocodile,0.9999,3.44
2378,crocodile,1.0,3.16
2379,crocodile,0.9999,3.46
2380,crocodile,0.9999,3.26
2381,crocodile,0.9999,3.36
2382,crocodile,1.0,3.19
2383,crocodile,0.9999,2.72
2384,crocodile,0.9999,3.33
2385,crocodile,0.9999,3.22
2386,crocodile,0.9999,3.25
2387,crocodile,0.9999,3.27
2388,crocodile,0.9999,3.22
2389,crocodile,1.0,3.05
2390,crocodile,0.9999,3.16
2391,crocodile,1.0,3.22
2392,crocodile,1.0,2.53
2393,crocodile,0.9999,3.32
2394,crocodile,1.0,3.33
2395,crocodile,1.0,3.15
2396,crocodile,1.0,3.5
2397,crocodile,1.0,3.44
2398,crocodile,1.0,3.15
2399,crocodile,1.0,2.99
2400,crocodile,0.9999,3.32
2401,crocodile,1.0,3.0
2402,crocodile,1.0,3.17
2403,crocodile,0.9999,3.26
2404,crocodile,1.0,2.97
2405,crocodile,0.9999,3.41
2406,crocodile,1.0,3.16
2407,crocodile,0.9997,3.19
2408,crocodile,0.9998,3.32
2409,crocodile,0.9998,2.73
2410,crocodile,0.9998,3.47
2411,crocodile,0.9998,3.39
2412,crocodile,0.9999,3.25
2413,crocodile,0.9999,3.24
2414,crocodile,0.9999,3.07
2415,crocodile,0.9999,3.07
2416,crocodile,0.9999,3.32
2417,crocodile,0.9997,3.17
2418,crocodile,0.9994,3.14
2419,crocodile,0.9997,3.16
2420,crocodile,0.9991,2.65
2421,crocodile,0.9992,3.38
2422,crocodile,0.9975,3.33
2423,crocodile,0.9966,3.45
2424,crocodile,0.997,3.17
2425,crocodile,0.9973,3.38
2426,crocodile,0.9972,3.28
2427,crocodile,0.9972,3.12
2428,crocodile,0.9952,3.14
2429,crocodile,0.9974,3.28
2430,crocodile,0.9971,2.47
2431,crocodile,0.9977,3.16
2432,crocodile,0.9956,3.25
2433,crocodile,0.998,3.11
2434,crocodile,0.9974,3.28
2435,crocodile,0.998,3.52
2436,crocodile,0.9955,3.21
2437,crocodile,0.9967,3.26
2438,crocodile,0.9976,3.33
2439,crocodile,0.9969,2.63
2440,crocodile,0.9982,3.33
2441,crocodile,0.9977,3.34
2442,crocodile,0.9973,2.76
2443,crocodile,0.9978,3.02
2444,crocodile,0.9978,3.02
2445,crocodile,0.9976,3.34
2446,crocodile,0.9978,2.87
2447,crocodile,0.9962,3.17
2448,crocodile,0.9961,3.14
2449,crocodile,0.9975,2.74
2450,crocodile,0.9975,3.33
2451,crocodile,0.9972,3.13
2452,crocodile,0.9983,3.38
2453,crocodile,0.9982,3.0
2454,crocodile,0.9978,3.07
2455,crocodile,0.9978,3.2
2456,crocodile,0.9977,3.4
2457,crocodile,0.9993,3.19
2458,crocodile,0.9995,3.34
2459,crocodile,0.9995,3.16
2460,crocodile,0.9996,3.23
2461,crocodile,0.9992,3.02
2462,crocodile,0.9981,2.63
2463,crocodile,0.9988,2.56
2464,crocodile,0.9992,3.53
2465,crocodile,0.9991,3.33
2466,crocodile,0.9989,3.23
2467,crocodile,0.9992,3.1
2468,crocodile,0.999,3.1
2469,crocodile,0.9991,3.23
2470,crocodile,0.9988,3.21
2471,crocodile,0.9991,2.75
2472,crocodile,0.9992,3.33
2473,crocodile,0.999,3.16
2474,crocodile,0.999,3.28
2475,crocodile,0.9992,3.45
2476,crocodile,0.9989,3.3
2477,crocodile,0.999,2.97
2478,crocodile,0.9986,3.19
2479,crocodile,0.9987,3.37
2480,crocodile,0.9988,3.02
2481,crocodile,0.9983,2.57
2482,crocodile,0.9982,3.39
2483,crocodile,0.9984,3.08
2484,crocodile,0.9862,3.17
2485,crocodile,0.9808,3.52
2486,crocodile,0.9859,3.39
2487,crocodile,0.9853,2.63
2488,crocodile,0.9795,3.28
2489,crocodile,0.9796,3.34
2490,crocodile,0.9822,3.23
2491,crocodile,0.9607,3.32
2492,crocodile,0.966,2.85
2493,crocodile,0.9615,3.06
2494,crocodile,0.9645,2.74
2495,crocodile,0.9563,3.59
2496,crocodile,0.9565,3.12
2497,crocodile,0.9357,3.52
2498,crocodile,0.8919,3.33
2499,crocodile,0.943,3.17
2500,crocodile,0.9395,3.34
2501,crocodile,0.9153,3.07
2502,crocodile,0.8623,3.23
2503,crocodile,0.9011,3.12
2504,crocodile,0.9296,3.26
2505,crocodile,0.9632,3.25
2506,crocodile,0.9783,3.36
2507,crocodile,0.9718,3.18
2508,crocodile,0.9822,3.02
2509,crocodile,0.9795,3.13
2510,crocodile,0.9773,2.64
2511,crocodile,0.9679,3.55
2512,crocodile,0.9815,3.51
2513,crocodile,0.9851,3.51
2514,crocodile,0.9794,3.33
2515,crocodile,0.9876,3.48
2516,crocodile,0.9845,3.33
2517,crocodile,0.9795,3.34
2518,crocodile,0.9826,3.33
2519,crocodile,0.9354,3.32
2520,crocodile,0.9435,3.34
2521,crocodile,0.982,3.16
2522,crocodile,0.9804,2.53
2523,crocodile,0.9633,3.16
2524,crocodile,0.9862,3.33
2525,crocodile,0.9802,3.33
2526,crocodile,0.9934,3.54
2527,crocodile,0.9917,3.25
2528,crocodile,0.9877,3.34
2529,crocodile,0.9694,3.16
2530,crocodile,0.972,3.18
2531,crocodile,0.9444,2.6
2532,crocodile,0.9079,3.71
2533,crocodile,0.8579,3.02
2534,crocodile,0.8796,3.44
2535,crocodile,0.9692,3.52
2536,crocodile,0.9724,3.37
2537,crocodile,0.8871,3.35
2538,crocodile,0.9055,3.17
2539,crocodile,0.9361,3.14
2540,crocodile,0.9552,3.15
2541,crocodile,0.9497,2.53
2542,crocodile,0.9751,3.52
2543,crocodile,0.9685,3.52
2544,crocodile,0.9378,3.58
2545,crocodile,0.9451,3.37
2546,crocodile,0.8982,3.26
2547,crocodile,0.9156,3.31
2548,crocodile,0.8937,3.32
2549,crocodile,0.947,3.02
2550,crocodile,0.9112,3.33
2551,crocodile,0.9079,2.96
2552,crocodile,0.9425,3.27
2553,crocodile,0.9189,3.0
2554,crocodile,0.5129,3.07
2555,non-crocodile,0.7777,3.01
2556,non-crocodile,0.6982,3.36
2557,non-crocodile,0.6708,3.31
2558,non-crocodile,0.6825,3.3
2559,non-crocodile,0.5535,3.17
2560,non-crocodile,0.5783,3.15
2561,non-crocodile,0.6535,2.78
2562,crocodile,0.7171,3.16
2563,non-crocodile,0.6682,3.17
2564,non-crocodile,0.589,3.17
2565,non-crocodile,0.67,3.33
2566,crocodile,0.6376,3.49
2567,non-crocodile,0.6355,3.0
2568,crocodile,0.7447,2.63
2569,non-crocodile,0.5384,2.63
2570,non-crocodile,0.5394,2.67
2571,non-crocodile,0.8792,2.73
2572,non-crocodile,0.6685,3.02
2573,non-crocodile,0.8608,3.1
2574,non-crocodile,0.7777,3.16
2575,non-crocodile,0.8301,3.15
2576,non-crocodile,0.7356,3.15
2577,non-crocodile,0.5483,2.74
2578,non-crocodile,0.6221,3.05
2579,non-crocodile,0.5267,2.87
2580,crocodile,0.5099,2.61
2581,non-crocodile,0.5373,2.63
2582,non-crocodile,0.5646,2.93
2583,non-crocodile,0.6324,2.87
2584,non-crocodile,0.6455,2.62
2585,non-crocodile,0.6997,3.14
2586,crocodile,0.6276,3.15
2587,crocodile,0.5611,2.75
2588,non-crocodile,0.5619,2.87
2589,non-crocodile,0.6928,3.0
2590,non-crocodile,0.6766,2.41
2591,non-crocodile,0.6531,2.42
2592,crocodile,0.8175,2.4
2593,crocodile,0.9332,3.08
2594,crocodile,0.792,2.71
2595,crocodile,0.7192,2.88
2596,crocodile,0.773,2.86
2597,crocodile,0.6907,2.83
2598,crocodile,0.6251,2.51
2599,crocodile,0.549,2.96
2600,crocodile,0.8553,2.83
2601,crocodile,0.8281,2.87
2602,crocodile,0.9532,2.82
2603,crocodile,0.858,2.78
2604,crocodile,0.9095,2.86
2605,crocodile,0.9192,2.88
2606,crocodile,0.8578,2.94
2607,crocodile,0.9489,3.08
2608,crocodile,0.8992,3.16
2609,crocodile,0.9219,2.96
2610,crocodile,0.9144,2.87
2611,crocodile,0.8231,2.76
2612,crocodile,0.9437,2.96
2613,crocodile,0.9307,2.53
2614,crocodile,0.7912,2.88
2615,crocodile,0.8666,2.87
2616,crocodile,0.7952,2.87
2617,crocodile,0.5155,2.84
2618,crocodile,0.7346,2.44
2619,crocodile,0.7529,2.88
2620,crocodile,0.8201,2.89
2621,crocodile,0.8734,2.76
2622,crocodile,0.8987,2.75
2623,crocodile,0.7698,2.78
2624,crocodile,0.8902,2.35
2625,crocodile,0.8642,2.87
2626,crocodile,0.9325,2.88
2627,crocodile,0.9443,2.88
2628,crocodile,0.7582,2.75
2629,crocodile,0.8994,2.89
2630,crocodile,0.7655,2.88
2631,crocodile,0.9013,2.44
2632,crocodile,0.9246,2.87
2633,crocodile,0.9723,3.05
2634,crocodile,0.9907,3.02
2635,crocodile,0.97,2.76
2636,crocodile,0.929,2.83
2637,crocodile,0.9288,2.44
2638,crocodile,0.9767,2.44
2639,crocodile,0.9768,2.85
2640,crocodile,0.9659,2.88
2641,crocodile,0.9808,2.87
2642,crocodile,0.9696,2.88
2643,crocodile,0.978,2.89
2644,crocodile,0.9954,2.51
2645,crocodile,0.9937,2.76
2646,crocodile,0.9921,2.89
2647,crocodile,0.9894,2.82
2648,crocodile,0.9854,3.01
2649,crocodile,0.9945,3.02
2650,crocodile,0.9951,2.89
2651,crocodile,0.9934,2.72
2652,crocodile,0.9944,2.73
2653,crocodile,0.9874,2.68
2654,crocodile,0.9915,2.79
2655,crocodile,0.9776,2.64
2656,crocodile,0.9871,2.87
2657,crocodile,0.9902,2.41
2658,crocodile,1.0,2.95
2659,crocodile,1.0,2.77
2660,crocodile,1.0,2.76
2661,crocodile,1.0,2.75
2662,crocodile,1.0,2.76
2663,crocodile,1.0,2.44
2664,crocodile,1.0,2.88
2665,crocodile,1.0,3.02
2666,crocodile,1.0,2.68
2667,crocodile,1.0,2.85
2668,crocodile,1.0,3.02
2669,crocodile,1.0,2.76
2670,crocodile,1.0,2.54
2671,crocodile,1.0,2.76
2672,crocodile,1.0,3.01
2673,crocodile,1.0,2.69
2674,crocodile,1.0,3.04
2675,crocodile,1.0,3.02
2676,crocodile,1.0,3.01
2677,crocodile,1.0,2.75
2678,crocodile,1.0,3.02
2679,crocodile,1.0,2.27
2680,crocodile,1.0,2.88
2681,crocodile,1.0,2.97
2682,crocodile,1.0,2.81
2683,crocodile,1.0,3.08
2684,crocodile,1.0,2.92
2685,crocodile,1.0,2.84
2686,crocodile,1.0,2.5
2687,crocodile,1.0,3.01
2688,crocodile,1.0,2.54
2689,crocodile,1.0,2.88
2690,crocodile,1.0,3.02
2691,crocodile,1.0,2.37
2692,crocodile,1.0,2.9
2693,crocodile,1.0,2.88
2694,crocodile,1.0,2.88
2695,crocodile,1.0,2.76
2696,crocodile,1.0,2.87
2697,crocodile,0.9998,2.68
2698,crocodile,0.9999,2.44
2699,crocodile,0.9996,3.16
2700,crocodile,0.9998,3.02
2701,crocodile,0.9997,2.9
2702,crocodile,0.9995,2.71
2703,crocodile,0.9885,2.67
2704,crocodile,0.9983,2.56
2705,crocodile,0.9983,2.96
2706,crocodile,0.9987,2.84
2707,crocodile,0.9937,2.93
2708,crocodile,0.9962,2.75
2709,crocodile,0.9881,3.02
2710,crocodile,0.9848,3.03
2711,crocodile,0.9792,2.97
2712,crocodile,0.9854,2.83
2713,crocodile,0.9884,2.76
2714,crocodile,0.9921,2.26
2715,crocodile,0.9821,2.42
2716,crocodile,0.9927,2.84
2717,crocodile,0.9878,2.78
2718,crocodile,0.9809,2.86
2719,crocodile,0.9906,2.9
2720,crocodile,0.9705,2.86
2721,crocodile,0.9681,2.83
2722,crocodile,0.9823,2.53
2723,crocodile,0.9595,2.84
2724,crocodile,0.9496,3.16
2725,crocodile,0.9204,2.87
2726,crocodile,0.9648,2.88
2727,crocodile,0.9326,2.89
2728,crocodile,0.9389,2.83
2729,crocodile,0.9519,2.78
2730,crocodile,0.9367,2.77
2731,crocodile,0.9548,2.89
2732,crocodile,0.9697,2.41
2733,crocodile,0.9703,2.63
2734,crocodile,0.9575,2.83
2735,crocodile,0.9926,2.68
2736,crocodile,0.9831,2.82
2737,crocodile,0.988,2.45
2738,crocodile,0.982,2.89
2739,crocodile,0.9799,2.86
2740,crocodile,0.9727,3.04
2741,crocodile,0.9895,3.18
2742,crocodile,0.9936,3.11
2743,crocodile,0.9946,2.97
2744,crocodile,0.9859,3.01
2745,crocodile,0.9928,2.87
2746,crocodile,0.995,2.54
2747,crocodile,0.9656,2.87
2748,crocodile,0.9823,2.8
2749,crocodile,0.9698,2.92
2750,crocodile,0.995,3.07
2751,crocodile,0.9633,2.74
2752,crocodile,0.9927,3.06
2753,crocodile,0.9929,2.88
2754,crocodile,0.9952,2.9
2755,crocodile,0.9925,2.88
2756,crocodile,0.9964,3.01
2757,crocodile,0.9969,3.02
2758,crocodile,0.9942,2.93
2759,crocodile,0.9988,3.02
2760,crocodile,0.9973,2.88
2761,crocodile,0.9908,3.03
2762,crocodile,0.9975,2.54
2763,crocodile,0.997,3.02
2764,crocodile,0.9992,2.8
2765,crocodile,0.9923,2.97
2766,crocodile,0.9954,2.94
2767,crocodile,0.9965,3.04
2768,crocodile,0.9979,3.0
2769,crocodile,0.9839,2.88
2770,crocodile,0.9914,2.75
2771,crocodile,0.9732,2.88
2772,crocodile,0.9952,2.32
2773,crocodile,0.9664,2.94
2774,crocodile,0.9948,3.02
2775,crocodile,0.9969,2.89
2776,crocodile,0.9953,2.84
2777,crocodile,0.9945,3.01
2778,crocodile,0.9959,2.96
2779,crocodile,0.9683,2.35
2780,crocodile,0.9819,2.76
2781,crocodile,0.993,2.92
2782,crocodile,0.9931,2.88
2783,crocodile,0.9946,3.02
2784,crocodile,0.9958,2.88
2785,crocodile,0.9532,3.01
2786,crocodile,0.9859,2.82
2787,crocodile,0.9882,2.4
2788,crocodile,0.9929,2.87
2789,crocodile,0.9919,2.79
2790,crocodile,0.9753,2.88
2791,crocodile,0.9683,3.01
2792,crocodile,0.8978,2.87
2793,crocodile,0.9631,2.8
2794,crocodile,0.9639,2.88
2795,crocodile,0.9338,2.34
2796,crocodile,0.9616,3.01
2797,crocodile,0.9805,2.75
2798,crocodile,0.9735,2.88
2799,crocodile,0.9836,2.78
2800,crocodile,0.9936,2.86
2801,crocodile,0.9733,2.6
2802,crocodile,0.9759,2.74
2803,crocodile,0.9849,2.66
2804,crocodile,0.9762,2.68
2805,crocodile,0.9844,2.87
2806,crocodile,0.9353,2.89
2807,crocodile,0.8194,2.88
2808,crocodile,0.7586,2.88
2809,crocodile,0.8889,2.87
2810,crocodile,0.6122,2.71
2811,crocodile,0.934,2.87
2812,crocodile,0.9704,2.76
2813,crocodile,0.9785,2.74
2814,crocodile,0.6209,2.35
2815,non-crocodile,0.5573,2.27
2816,crocodile,0.5875,2.75
2817,crocodile,0.517,2.64
2818,crocodile,0.9232,2.59
2819,crocodile,0.8369,2.64
2820,crocodile,0.8755,2.6
2821,crocodile,0.974,2.26
2822,crocodile,0.9854,2.86
2823,crocodile,0.975,2.75
2824,crocodile,0.9906,2.62
2825,crocodile,0.9806,2.74
2826,crocodile,0.917,2.75
2827,crocodile,0.7975,2.43
2828,crocodile,0.668,2.64
2829,crocodile,1.0,2.54
2830,crocodile,1.0,2.54
2831,crocodile,1.0,2.75
2832,crocodile,1.0,2.34
2833,crocodile,1.0,2.61
2834,crocodile,1.0,2.74
2835,crocodile,1.0,3.16
2836,crocodile,1.0,3.16
2837,crocodile,1.0,3.16
2838,crocodile,1.0,3.14
2839,crocodile,1.0,3.01
2840,crocodile,1.0,2.53
2841,crocodile,1.0,3.49
2842,crocodile,1.0,3.32
2843,crocodile,1.0,3.32
2844,crocodile,1.0,3.32
2845,crocodile,1.0,3.23
2846,crocodile,1.0,2.35
2847,crocodile,1.0,3.15
2848,crocodile,1.0,3.16
2849,crocodile,1.0,3.27
2850,crocodile,1.0,3.34
2851,crocodile,1.0,3.18
2852,crocodile,1.0,3.4
2853,crocodile,1.0,3.16
2854,crocodile,1.0,3.26
2855,crocodile,1.0,3.15
2856,crocodile,1.0,3.17
2857,crocodile,1.0,3.16
2858,crocodile,1.0,3.42
2859,crocodile,1.0,3.16
2860,crocodile,0.9999,3.47
2861,crocodile,0.9979,2.88
2862,crocodile,0.9983,2.53
2863,crocodile,0.996,3.13
2864,crocodile,0.822,3.35
2865,non-crocodile,0.755,3.33
2866,non-crocodile,0.9346,3.33
2867,non-crocodile,0.8747,3.16
2868,non-crocodile,0.9429,2.51
2869,non-crocodile,0.5999,3.33
2870,crocodile,0.7573,3.07
2871,crocodile,0.5966,2.94
2872,crocodile,0.7904,3.07
2873,non-crocodile,0.5916,2.87
2874,crocodile,0.6239,3.01
2875,non-crocodile,0.5692,3.38
2876,non-crocodile,0.6301,3.15
2877,non-crocodile,0.5984,3.14
2878,crocodile,0.5196,2.66
2879,non-crocodile,0.5614,3.26
2880,non-crocodile,0.9012,3.3
2881,non-crocodile,0.6262,3.5
2882,non-crocodile,0.8867,3.16
2883,non-crocodile,0.7411,3.15
2884,non-crocodile,0.9105,3.15
2885,non-crocodile,0.8676,3.17
2886,non-crocodile,0.8255,3.32
2887,non-crocodile,0.585,2.74
2888,non-crocodile,0.7347,3.16
2889,crocodile,0.5187,3.46
2890,crocodile,0.6549,3.54
2891,crocodile,1.0,3.32
2892,crocodile,1.0,3.3
2893,crocodile,1.0,3.37
2894,crocodile,1.0,3.15
2895,crocodile,1.0,3.26
2896,crocodile,1.0,3.33
2897,crocodile,1.0,2.74
2898,crocodile,1.0,3.16
2899,crocodile,1.0,3.16
2900,crocodile,1.0,3.5
2901,crocodile,1.0,3.15
2902,crocodile,1.0,3.2
2903,crocodile,1.0,3.0
2904,crocodile,1.0,3.25
2905,crocodile,1.0,3.33
2906,crocodile,1.0,3.56
2907,crocodile,1.0,3.39
2908,crocodile,1.0,3.16
2909,crocodile,1.0,3.15
2910,crocodile,1.0,3.16
2911,crocodile,1.0,3.16
2912,crocodile,1.0,3.29
2913,crocodile,1.0,3.33
2914,crocodile,1.0,2.63
2915,crocodile,1.0,3.32
2916,crocodile,1.0,3.16
2917,crocodile,1.0,3.5
2918,crocodile,1.0,3.45
2919,crocodile,1.0,3.33
2920,crocodile,1.0,3.51
2921,crocodile,1.0,3.51
2922,crocodile,1.0,3.16
2923,crocodile,1.0,3.33
2924,crocodile,1.0,2.86
2925,crocodile,1.0,2.53
2926,crocodile,1.0,3.33
2927,crocodile,1.0,3.33
2928,crocodile,1.0,3.17
2929,crocodile,1.0,3.33
2930,crocodile,1.0,3.45
2931,crocodile,1.0,3.24
2932,crocodile,1.0,3.08
2933,crocodile,1.0,3.45
2934,crocodile,1.0,3.2
2935,crocodile,1.0,3.33
2936,crocodile,1.0,2.62
2937,crocodile,1.0,3.28
2938,crocodile,1.0,3.23
2939,crocodile,1.0,2.83
2940,crocodile,1.0,3.36
2941,crocodile,1.0,3.44
2942,crocodile,1.0,3.16
2943,crocodile,1.0,3.16
2944,crocodile,1.0,3.33
2945,crocodile,1.0,2.75
2946,crocodile,1.0,3.08
2947,crocodile,1.0,3.31
2948,crocodile,1.0,3.42
2949,crocodile,1.0,3.27
2950,crocodile,1.0,3.4
2951,crocodile,1.0,3.02
2952,crocodile,1.0,3.13
2953,crocodile,0.9997,3.0
2954,crocodile,0.9999,2.97
2955,crocodile,0.9996,2.93
2956,crocodile,0.999,3.33
2957,crocodile,0.9986,3.17
2958,crocodile,0.9956,3.04
2959,crocodile,0.9976,3.47
2960,crocodile,0.9972,3.0
2961,crocodile,0.998,3.01
2962,crocodile,0.9842,3.01
2963,crocodile,0.9964,3.39
2964,crocodile,0.9984,3.05
2965,crocodile,0.9997,3.11
2966,crocodile,0.9994,3.28
2967,crocodile,0.9998,3.35
2968,crocodile,0.9908,2.86
2969,crocodile,0.9774,3.17
2970,crocodile,0.9648,3.18
2971,crocodile,0.982,3.43
2972,crocodile,0.9478,3.24
2973,crocodile,0.9722,3.17
2974,crocodile,0.8882,2.65
2975,crocodile,0.9705,3.18
2976,crocodile,0.9601,3.23
2977,crocodile,0.9625,3.15
2978,crocodile,0.9317,3.38
2979,crocodile,0.9728,3.27
2980,crocodile,0.9955,2.88
2981,crocodile,0.9914,2.8
2982,crocodile,0.9763,2.47
2983,crocodile,0.9867,3.3
2984,crocodile,0.9893,3.18
2985,crocodile,0.988,3.17
2986,crocodile,0.9926,3.31
2987,crocodile,0.9961,3.15
2988,crocodile,0.9925,2.86
2989,crocodile,0.9933,3.31
2990,crocodile,0.9819,3.16
2991,crocodile,0.9921,3.16
2992,crocodile,0.9861,3.32
2993,crocodile,0.9928,3.32
2994,crocodile,0.9816,3.18
2995,crocodile,0.9045,3.31
2996,crocodile,0.9903,2.67
2997,crocodile,0.992,3.26
2998,crocodile,0.9887,3.05
2999,crocodile,0.9984,3.15
3000,crocodile,0.9952,2.87
3001,crocodile,0.9984,3.29
3002,crocodile,0.9906,3.08
3003,crocodile,0.9704,3.0
3004,crocodile,0.958,3.25
3005,crocodile,0.99,3.44
3006,crocodile,0.9856,3.31
3007,crocodile,0.941,3.01
3008,crocodile,0.9736,3.43
3009,crocodile,0.8996,3.07
3010,crocodile,0.9842,3.32
3011,crocodile,0.9443,3.32
3012,crocodile,0.933,3.3
3013,non-crocodile,0.5932,2.52
3014,crocodile,0.9156,3.26
3015,crocodile,0.7572,3.0
3016,crocodile,0.9696,3.2
3017,crocodile,0.9862,3.37
3018,crocodile,0.9678,3.34
3019,crocodile,0.97,3.36
3020,crocodile,0.9994,3.16
3021,crocodile,0.9998,3.16
3022,crocodile,0.9995,2.53
3023,crocodile,0.9961,3.31
3024,crocodile,0.9993,3.22
3025,crocodile,0.9975,3.33
3026,crocodile,1.0,3.39
3027,crocodile,0.9994,3.25
3028,crocodile,1.0,2.62
3029,crocodile,0.9999,2.67
3030,crocodile,0.9995,2.46
3031,crocodile,0.9999,2.84
3032,crocodile,1.0,2.61
3033,crocodile,0.9998,2.43
3034,crocodile,0.9998,2.75
3035,crocodile,0.9999,2.53
3036,crocodile,1.0,2.68
3037,crocodile,1.0,2.52
3038,crocodile,1.0,2.64
3039,crocodile,1.0,2.54
3040,crocodile,1.0,2.71
3041,crocodile,1.0,2.67
3042,crocodile,1.0,3.01
3043,crocodile,1.0,3.22
3044,crocodile,1.0,3.33
3045,crocodile,0.9999,3.15
3046,crocodile,0.9495,3.05
3047,crocodile,0.6629,2.55
3048,non-crocodile,0.843,3.21
3049,crocodile,0.8968,3.32
3050,crocodile,0.7915,3.32
3051,crocodile,0.5874,2.95
3052,non-crocodile,0.9433,3.42
3053,non-crocodile,0.9152,2.33
3054,non-crocodile,0.9647,3.72
3055,non-crocodile,0.9018,4.19
3056,non-crocodile,0.9516,4.05
3057,non-crocodile,0.9894,4.02
3058,non-crocodile,0.9767,3.74
3059,non-crocodile,0.9749,3.72
3060,non-crocodile,0.8892,3.01
3061,non-crocodile,0.8748,3.33
3062,non-crocodile,0.8672,3.06
3063,non-crocodile,0.9446,3.2
3064,non-crocodile,0.9368,3.16
3065,non-crocodile,0.9701,3.15
3066,non-crocodile,0.9775,3.33
3067,non-crocodile,0.5913,2.87
3068,non-crocodile,0.7867,2.75
3069,non-crocodile,0.7136,3.16
3070,crocodile,0.5959,3.17
3071,crocodile,0.845,3.06
3072,crocodile,0.9371,3.17
3073,crocodile,0.9041,3.29
3074,crocodile,0.9862,2.71
3075,crocodile,0.9836,2.51
3076,crocodile,0.9931,3.08
3077,crocodile,0.788,3.23
3078,crocodile,0.9584,3.34
3079,crocodile,0.9391,3.17
3080,crocodile,0.9568,3.18
3081,crocodile,0.9404,2.64
3082,crocodile,0.9735,3.14
3083,crocodile,0.9594,3.52
3084,crocodile,0.9277,3.32
3085,crocodile,0.8894,3.22
3086,crocodile,0.9824,3.17
3087,crocodile,0.9689,3.33
3088,crocodile,0.986,3.11
3089,crocodile,0.9838,2.34
3090,crocodile,0.9937,3.01
3091,crocodile,0.9988,3.32
3092,crocodile,0.9997,3.3
3093,crocodile,0.9998,3.33
3094,crocodile,0.9998,3.16
3095,crocodile,0.9999,3.25
3096,crocodile,0.9999,3.13
3097,crocodile,0.9999,3.04
3098,crocodile,1.0,3.02
3099,crocodile,1.0,2.43
3100,crocodile,1.0,3.21
3101,crocodile,1.0,2.83
3102,crocodile,0.9999,3.21
3103,crocodile,0.9999,3.0
3104,crocodile,0.9998,3.17
3105,crocodile,0.9999,3.52
3106,crocodile,0.9999,3.52
3107,crocodile,0.9999,3.98
3108,crocodile,0.9999,3.97
3109,crocodile,0.9998,3.96
3110,crocodile,0.9999,3.82
3111,crocodile,0.9998,3.01
3112,crocodile,0.9999,3.02
3113,crocodile,0.9996,2.93
3114,crocodile,0.9998,3.14
3115,crocodile,0.9973,3.02
3116,crocodile,0.9995,3.16
3117,crocodile,0.9986,3.16
3118,crocodile,0.9988,3.0
3119,crocodile,0.9982,3.19
3120,crocodile,0.9978,3.01
3121,crocodile,0.9976,2.52
3122,crocodile,0.9995,3.52
3123,crocodile,0.9997,3.11
3124,crocodile,0.9995,3.17
3125,crocodile,0.9994,3.33
3126,crocodile,0.9998,3.2
3127,crocodile,0.9997,3.27
3128,crocodile,0.9999,2.76
3129,crocodile,0.9999,3.23
3130,crocodile,0.9999,3.31
3131,crocodile,1.0,3.33
3132,crocodile,1.0,3.01
3133,crocodile,1.0,3.01
3134,crocodile,1.0,2.91
3135,crocodile,1.0,2.58
3136,crocodile,1.0,2.53
3137,crocodile,1.0,2.66
3138,crocodile,1.0,2.47
3139,crocodile,1.0,2.57
3140,non-crocodile,0.8153,2.53
3141,non-crocodile,0.8992,2.56
3142,non-crocodile,0.9791,2.63
3143,non-crocodile,0.875,2.54
3144,crocodile,0.5404,2.53
3145,crocodile,0.7312,2.78
3146,crocodile,0.9549,2.53
3147,crocodile,0.9114,2.63
3148,crocodile,0.8075,2.43
3149,crocodile,0.9243,2.64
3150,crocodile,0.5609,3.17
3151,crocodile,0.8958,3.15
3152,crocodile,0.9337,3.17
3153,non-crocodile,0.648,3.0
3154,crocodile,0.9772,3.0
3155,crocodile,0.9743,3.55
3156,crocodile,0.9608,3.16
3157,crocodile,0.9861,3.49
3158,crocodile,0.997,3.32
3159,crocodile,0.9856,3.17
3160,crocodile,0.9802,3.07
3161,crocodile,0.9978,3.25
3162,crocodile,0.9988,2.63
3163,crocodile,0.9995,3.52
3164,crocodile,0.9969,3.16
3165,crocodile,0.9915,3.34
3166,crocodile,0.9982,3.44
3167,crocodile,0.9994,3.53
3168,crocodile,0.9942,3.26
3169,crocodile,0.9996,3.15
3170,crocodile,0.9996,3.44
3171,crocodile,0.9999,3.32
3172,crocodile,0.9993,2.52
3173,crocodile,0.9981,3.06
3174,crocodile,0.9927,3.15
3175,crocodile,0.9539,3.02
3176,crocodile,0.8901,3.33
3177,crocodile,0.645,3.36
3178,crocodile,0.6677,3.34
3179,non-crocodile,0.5203,2.54
3180,crocodile,0.5605,3.16
3181,crocodile,0.5507,3.34
3182,non-crocodile,0.8735,3.4
3183,crocodile,0.5966,3.18
3184,non-crocodile,0.8584,3.41
3185,non-crocodile,0.7783,3.33
3186,crocodile,0.6132,3.5
3187,non-crocodile,0.8355,3.12
3188,non-crocodile,0.5749,3.2
3189,crocodile,0.755,3.34
3190,non-crocodile,0.5791,2.76
3191,non-crocodile,0.6543,3.52
3192,crocodile,0.5143,3.17
3193,non-crocodile,0.9626,3.13
3194,non-crocodile,0.8542,2.94
3195,non-crocodile,0.9218,2.96
3196,non-crocodile,0.9402,3.17
3197,non-crocodile,0.9976,3.24
3198,non-crocodile,0.9674,3.1
3199,non-crocodile,0.8525,2.54
3200,crocodile,1.0,3.17
3201,crocodile,1.0,2.88
3202,crocodile,1.0,3.26
3203,crocodile,1.0,3.02
3204,crocodile,1.0,3.12
3205,crocodile,1.0,3.34
3206,crocodile,1.0,3.39
3207,crocodile,1.0,3.16
3208,crocodile,1.0,3.08
3209,crocodile,1.0,3.12
3210,crocodile,1.0,3.28
3211,crocodile,1.0,3.18
3212,crocodile,1.0,3.33
3213,crocodile,1.0,2.43
3214,crocodile,1.0,3.33
3215,crocodile,1.0,3.32
3216,crocodile,1.0,3.17
3217,crocodile,1.0,3.12
3218,crocodile,1.0,3.11
3219,crocodile,1.0,3.23
3220,crocodile,1.0,3.08
3221,crocodile,1.0,3.4
3222,crocodile,1.0,2.57
3223,crocodile,1.0,3.3
3224,crocodile,1.0,3.35
3225,crocodile,1.0,3.17
3226,crocodile,1.0,2.84
3227,crocodile,1.0,3.51
3228,crocodile,1.0,3.33
3229,crocodile,1.0,3.33
3230,crocodile,1.0,3.39
3231,crocodile,1.0,2.88
3232,crocodile,1.0,3.21
3233,crocodile,1.0,3.33
3234,crocodile,1.0,3.16
3235,crocodile,1.0,3.34
3236,crocodile,1.0,3.16
3237,crocodile,1.0,3.32
3238,crocodile,1.0,2.76
3239,crocodile,1.0,3.28
3240,crocodile,1.0,3.33
3241,crocodile,1.0,2.93
3242,crocodile,1.0,3.08
3243,crocodile,1.0,3.46
3244,crocodile,1.0,3.31
3245,crocodile,1.0,2.68
3246,crocodile,1.0,3.35
3247,crocodile,1.0,3.33
3248,crocodile,1.0,3.33
3249,crocodile,1.0,3.65
3250,crocodile,1.0,3.53
3251,crocodile,1.0,3.26
3252,crocodile,1.0,3.23
3253,crocodile,1.0,3.1
3254,crocodile,1.0,3.41
3255,crocodile,1.0,3.33
3256,crocodile,1.0,3.26
3257,crocodile,1.0,3.02
3258,crocodile,1.0,3.34
3259,crocodile,1.0,3.31
3260,crocodile,1.0,3.17
3261,crocodile,1.0,3.34
3262,crocodile,1.0,2.54
3263,crocodile,1.0,3.22
3264,crocodile,1.0,3.4
3265,crocodile,1.0,3.28
3266,crocodile,1.0,3.15
3267,crocodile,1.0,3.36
3268,crocodile,1.0,3.34
3269,crocodile,1.0,3.11
3270,crocodile,1.0,3.23
3271,crocodile,1.0,3.35
3272,crocodile,1.0,2.44
3273,crocodile,1.0,3.35
3274,crocodile,1.0,3.16
3275,crocodile,1.0,3.17
3276,crocodile,1.0,3.33
3277,crocodile,1.0,3.15
3278,crocodile,1.0,2.75
3279,crocodile,1.0,3.42
3280,crocodile,1.0,3.26
3281,crocodile,1.0,3.08
3282,crocodile,1.0,3.32
3283,crocodile,1.0,3.21
3284,crocodile,1.0,3.27
3285,crocodile,1.0,3.16
3286,crocodile,1.0,2.62
3287,crocodile,1.0,3.32
3288,crocodile,1.0,3.01
3289,crocodile,1.0,3.5
3290,crocodile,1.0,3.32
3291,crocodile,1.0,3.45
3292,crocodile,1.0,3.33
3293,crocodile,1.0,3.01
3294,crocodile,1.0,3.39
3295,crocodile,1.0,3.32
3296,crocodile,1.0,3.01
3297,crocodile,1.0,2.74
3298,crocodile,1.0,3.32
3299,crocodile,1.0,3.27
3300,crocodile,1.0,3.16
3301,crocodile,1.0,3.2
3302,crocodile,1.0,3.32
3303,crocodile,1.0,3.0
3304,crocodile,1.0,2.77
3305,crocodile,1.0,3.27
3306,crocodile,1.0,3.45
3307,crocodile,1.0,3.44
3308,crocodile,1.0,3.31
3309,crocodile,1.0,3.15
3310,crocodile,1.0,3.01
3311,crocodile,1.0,2.34
3312,crocodile,1.0,3.16
3313,crocodile,1.0,3.15
3314,crocodile,1.0,3.25
3315,crocodile,1.0,3.48
3316,crocodile,1.0,2.87
3317,crocodile,1.0,2.83
3318,crocodile,1.0,2.62
3319,crocodile,1.0,3.38
3320,crocodile,1.0,3.64
3321,crocodile,1.0,3.95
3322,crocodile,1.0,3.91
3323,crocodile,1.0,3.86
3324,crocodile,1.0,3.61
3325,crocodile,1.0,4.25
3326,crocodile,1.0,3.71
3327,crocodile,1.0,3.16
3328,crocodile,1.0,3.02
3329,crocodile,1.0,3.17
3330,crocodile,1.0,2.66
3331,crocodile,1.0,2.91
3332,crocodile,1.0,3.93
3333,crocodile,1.0,3.69
3334,crocodile,1.0,3.59
3335,crocodile,1.0,3.95
3336,crocodile,1.0,3.66
3337,crocodile,1.0,3.5
3338,crocodile,1.0,3.2
3339,crocodile,1.0,3.42
3340,crocodile,1.0,3.03
3341,crocodile,1.0,3.19
3342,crocodile,1.0,3.17
3343,crocodile,1.0,3.13
3344,crocodile,1.0,3.27
3345,crocodile,1.0,3.09
3346,crocodile,1.0,2.93
3347,crocodile,1.0,2.93
3348,crocodile,1.0,2.52
3349,crocodile,1.0,2.69
3350,crocodile,1.0,3.15
3351,crocodile,1.0,2.65
3352,crocodile,1.0,3.11
3353,crocodile,1.0,3.04
3354,crocodile,1.0,2.92
3355,crocodile,1.0,3.94
3356,crocodile,1.0,3.72
3357,crocodile,1.0,3.6
3358,crocodile,1.0,3.74
3359,crocodile,1.0,3.62
3360,crocodile,1.0,3.33
3361,crocodile,1.0,3.04
3362,crocodile,1.0,3.3
3363,crocodile,1.0,3.14
3364,crocodile,1.0,3.11
3365,crocodile,1.0,3.01
3366,crocodile,1.0,2.63
3367,crocodile,1.0,2.83
3368,crocodile,1.0,3.32
3369,crocodile,1.0,3.06
3370,crocodile,1.0,3.32
3371,crocodile,1.0,3.21
3372,crocodile,1.0,3.32
3373,crocodile,1.0,2.52
3374,crocodile,1.0,3.96
3375,crocodile,1.0,3.86
3376,crocodile,1.0,3.73
3377,crocodile,1.0,3.95
3378,crocodile,1.0,3.78
3379,crocodile,1.0,3.94
3380,crocodile,1.0,3.51
3381,crocodile,1.0,3.52
3382,crocodile,1.0,3.4
3383,crocodile,1.0,3.51
3384,crocodile,1.0,3.15
3385,crocodile,1.0,3.51
3386,crocodile,1.0,3.7
3387,crocodile,1.0,3.33
3388,crocodile,1.0,3.31
3389,crocodile,1.0,3.16
3390,crocodile,1.0,2.87
3391,crocodile,0.9998,3.16
3392,crocodile,0.9915,3.16
3393,crocodile,0.9757,3.31
3394,crocodile,0.9946,3.05
3395,crocodile,0.9995,3.16
3396,crocodile,0.9999,3.15
3397,crocodile,0.9999,3.31
3398,crocodile,1.0,2.79
3399,crocodile,1.0,2.62
3400,crocodile,1.0,3.0
3401,crocodile,1.0,3.03
3402,crocodile,1.0,3.15
3403,crocodile,1.0,2.78
3404,crocodile,1.0,3.1
3405,crocodile,1.0,3.3
3406,crocodile,1.0,3.32
3407,crocodile,1.0,3.32
3408,crocodile,1.0,2.62
3409,crocodile,1.0,3.16
3410,crocodile,1.0,3.16
3411,crocodile,1.0,3.49
3412,crocodile,1.0,3.51
3413,crocodile,1.0,3.27
3414,crocodile,1.0,3.3
3415,crocodile,1.0,3.11
3416,crocodile,1.0,3.33
3417,crocodile,1.0,3.15
3418,crocodile,1.0,2.61
3419,crocodile,1.0,3.33
3420,crocodile,1.0,3.16
3421,crocodile,1.0,3.15
3422,crocodile,1.0,2.96
3423,crocodile,1.0,3.15
3424,crocodile,1.0,3.0
3425,crocodile,1.0,2.62
3426,crocodile,1.0,3.32
3427,crocodile,1.0,3.44
3428,crocodile,1.0,3.33
3429,crocodile,1.0,3.5
3430,crocodile,1.0,3.01
3431,crocodile,1.0,3.14
3432,crocodile,1.0,2.83
3433,crocodile,1.0,3.33
3434,crocodile,1.0,3.28
3435,crocodile,1.0,3.32
3436,crocodile,1.0,3.5
3437,crocodile,1.0,3.5
3438,crocodile,1.0,3.29
3439,crocodile,1.0,3.32
3440,crocodile,1.0,3.16
3441,crocodile,1.0,2.59
3442,crocodile,1.0,3.31
3443,crocodile,1.0,3.32
3444,crocodile,1.0,3.27
3445,crocodile,1.0,3.31
3446,crocodile,1.0,2.75
3447,crocodile,1.0,3.26
3448,crocodile,1.0,2.52
3449,crocodile,1.0,3.07
3450,crocodile,1.0,3.15
3451,crocodile,1.0,3.13
3452,crocodile,1.0,3.26
3453,crocodile,1.0,3.1
3454,crocodile,1.0,3.1
3455,crocodile,1.0,3.35
3456,crocodile,1.0,3.12
3457,crocodile,1.0,3.13
3458,crocodile,1.0,3.16
3459,crocodile,1.0,2.87
3460,crocodile,1.0,3.4
3461,crocodile,1.0,2.89
3462,crocodile,1.0,3.16
3463,crocodile,1.0,3.34
3464,crocodile,1.0,3.03
3465,crocodile,1.0,2.96
3466,crocodile,1.0,3.47
3467,crocodile,1.0,3.33
3468,crocodile,1.0,3.17
3469,crocodile,1.0,3.15
3470,crocodile,1.0,3.11
3471,crocodile,1.0,3.32
3472,crocodile,1.0,2.82
3473,crocodile,1.0,3.09
3474,crocodile,1.0,3.33
3475,crocodile,1.0,3.45
3476,crocodile,1.0,2.93
3477,crocodile,1.0,3.08
3478,crocodile,1.0,2.76
3479,crocodile,1.0,3.22
3480,crocodile,1.0,3.08
3481,crocodile,1.0,3.11
3482,crocodile,1.0,3.18
3483,crocodile,1.0,3.16
3484,crocodile,1.0,2.58
3485,crocodile,1.0,2.69
3486,crocodile,1.0,2.64
3487,crocodile,1.0,3.28
3488,crocodile,1.0,3.0
3489,crocodile,1.0,3.34
3490,crocodile,1.0,3.06
3491,crocodile,1.0,2.88
3492,crocodile,1.0,3.08
3493,crocodile,1.0,2.56
3494,crocodile,1.0,3.08
3495,crocodile,1.0,3.25
3496,crocodile,1.0,3.39
3497,crocodile,1.0,3.06
3498,crocodile,1.0,3.17
3499,crocodile,1.0,2.76
3500,crocodile,1.0,2.8
3501,crocodile,1.0,2.97
3502,crocodile,1.0,3.24
3503,crocodile,1.0,2.95
3504,crocodile,1.0,3.04
3505,crocodile,1.0,3.17
3506,crocodile,1.0,3.01
3507,crocodile,1.0,2.53
3508,crocodile,0.9999,2.43
3509,crocodile,1.0,3.14
3510,crocodile,0.9999,3.07
3511,crocodile,0.9995,3.16
3512,crocodile,0.9997,3.01
3513,crocodile,0.9989,3.34
3514,crocodile,0.9988,2.75
3515,crocodile,0.9984,3.01
3516,crocodile,0.9961,3.32
3517,crocodile,0.9934,3.15
3518,crocodile,0.9706,3.03
3519,crocodile,0.9649,3.49
3520,crocodile,0.7734,2.68
3521,crocodile,0.9878,2.87
3522,crocodile,0.9277,2.85
3523,crocodile,0.9938,3.23
3524,crocodile,0.9976,3.17
3525,crocodile,0.999,3.48
3526,crocodile,0.9943,2.71
3527,crocodile,0.9916,3.28
3528,crocodile,0.9721,3.16
3529,crocodile,0.9986,3.43
3530,crocodile,0.9991,3.12
3531,crocodile,0.9995,3.4
3532,crocodile,0.9921,3.36
3533,crocodile,0.997,3.35
3534,crocodile,0.9723,3.17
3535,crocodile,0.988,3.06
3536,crocodile,0.979,2.86
3537,crocodile,0.968,2.55
3538,crocodile,0.9942,2.74
3539,crocodile,0.9994,2.57
3540,crocodile,0.9975,2.53
3541,crocodile,0.9903,2.57
3542,crocodile,0.9958,2.52
3543,crocodile,0.9975,2.59
3544,crocodile,0.9508,2.79
3545,crocodile,0.846,2.6
3546,crocodile,0.893,3.39
3547,crocodile,0.9575,3.01
3548,crocodile,0.9717,3.34
3549,crocodile,0.9984,3.17
3550,crocodile,0.9899,3.04
3551,crocodile,0.9821,2.39
3552,crocodile,0.9959,3.25
3553,crocodile,0.9927,3.12
3554,crocodile,0.9882,3.08
3555,crocodile,0.9992,3.37
3556,crocodile,0.9967,3.21
3557,crocodile,0.9952,3.17
3558,crocodile,0.9988,3.24
3559,non-crocodile,0.9863,3.33
3560,non-crocodile,0.893,3.32
3561,non-crocodile,0.9445,3.16
3562,non-crocodile,0.9838,3.49
3563,non-crocodile,0.9933,3.15
3564,non-crocodile,0.9883,3.16
3565,non-crocodile,0.9949,2.73
3566,non-crocodile,0.9901,3.0
3567,non-crocodile,0.9954,3.43
3568,non-crocodile,0.9885,3.17
3569,non-crocodile,0.9923,3.15
3570,non-crocodile,0.9973,3.31
3571,non-crocodile,0.998,2.79
3572,non-crocodile,0.9941,3.11
3573,non-crocodile,0.9865,3.5
3574,non-crocodile,0.9783,3.0
3575,non-crocodile,0.9869,3.15
3576,non-crocodile,0.9763,3.27
3577,non-crocodile,0.9889,3.51
3578,non-crocodile,0.9828,3.01
3579,non-crocodile,0.9976,2.74
3580,non-crocodile,0.9943,3.33
3581,non-crocodile,0.99,3.15
3582,non-crocodile,0.9829,3.33
3583,non-crocodile,0.9933,3.51
3584,non-crocodile,0.9943,3.27
3585,non-crocodile,0.9823,3.39
3586,non-crocodile,0.9796,3.17
3587,non-crocodile,0.7906,3.17
3588,non-crocodile,0.8488,3.28
3589,non-crocodile,0.9727,3.15
3590,non-crocodile,0.9349,2.53
3591,non-crocodile,0.9398,3.16
3592,non-crocodile,0.9968,3.33
3593,non-crocodile,0.9941,3.4
3594,non-crocodile,0.9968,3.34
3595,non-crocodile,0.9829,3.18
3596,non-crocodile,0.9924,3.22
3597,non-crocodile,0.9927,3.51
3598,non-crocodile,0.9066,3.02
3599,non-crocodile,0.9906,2.88
3600,non-crocodile,0.9979,3.39
3601,non-crocodile,0.9552,2.94
3602,non-crocodile,0.9888,3.32
3603,non-crocodile,0.7154,3.12
3604,non-crocodile,0.8621,3.02
3605,non-crocodile,0.9513,3.38
3606,non-crocodile,0.9651,3.39
3607,non-crocodile,0.9567,3.17
3608,non-crocodile,0.9682,3.25
3609,non-crocodile,0.7487,3.38
3610,crocodile,0.8336,3.33
3611,non-crocodile,0.5009,3.29
3612,crocodile,0.65,2.26
3613,non-crocodile,0.5952,4.0
3614,non-crocodile,0.8804,3.98
3615,non-crocodile,0.9196,3.73
3616,non-crocodile,0.9551,4.22
3617,non-crocodile,0.9887,4.13
3618,non-crocodile,0.9958,4.21
3619,non-crocodile,0.9929,3.52
3620,non-crocodile,0.9318,3.72
3621,non-crocodile,0.7759,3.94
3622,non-crocodile,0.9246,3.63
3623,non-crocodile,0.9903,3.58
3624,non-crocodile,0.78,3.14
3625,non-crocodile,0.9539,3.34
3626,non-crocodile,0.9027,3.1
3627,non-crocodile,0.5833,3.07
3628,crocodile,0.8769,3.31
3629,non-crocodile,0.892,2.96
3630,non-crocodile,0.7014,3.23
3631,non-crocodile,0.8379,3.1
3632,non-crocodile,0.8645,3.05
3633,non-crocodile,0.5887,2.52
3634,non-crocodile,0.9153,3.1
3635,non-crocodile,0.9834,3.18
3636,non-crocodile,0.9803,3.5
3637,crocodile,1.0,3.15
3638,crocodile,1.0,3.35
3639,crocodile,1.0,2.63
3640,crocodile,1.0,3.16
3641,crocodile,1.0,3.32
3642,crocodile,1.0,3.28
3643,crocodile,1.0,3.34
3644,crocodile,1.0,3.1
3645,crocodile,1.0,3.28
3646,crocodile,1.0,3.0
3647,crocodile,1.0,3.53
3648,crocodile,1.0,2.64
3649,crocodile,1.0,3.44
3650,crocodile,0.9918,3.36
3651,crocodile,0.8665,3.17
3652,crocodile,0.7129,3.4
3653,crocodile,0.9662,3.12
3654,crocodile,0.9991,3.75
3655,crocodile,0.9981,4.02
3656,crocodile,0.9972,4.16
3657,crocodile,0.9848,3.7
3658,crocodile,0.994,3.94
3659,crocodile,0.9877,3.64
3660,crocodile,0.9481,3.16
3661,crocodile,0.7647,3.5
3662,crocodile,0.6659,3.33
3663,crocodile,0.8544,2.87
3664,crocodile,0.9566,3.0
3665,crocodile,0.9559,3.16
3666,crocodile,0.9838,3.0
3667,crocodile,0.9853,3.25
3668,crocodile,0.997,3.05
3669,crocodile,0.9994,3.15
3670,crocodile,1.0,3.2
3671,crocodile,1.0,2.85
3672,crocodile,0.9999,2.62
3673,crocodile,1.0,2.52
3674,crocodile,1.0,3.01
3675,crocodile,0.9999,3.09
3676,crocodile,1.0,3.23
3677,crocodile,0.9999,3.16
3678,crocodile,0.9997,3.16
3679,crocodile,0.9999,3.16
3680,crocodile,0.9999,2.63
3681,crocodile,0.9999,3.42
3682,crocodile,0.9999,3.15
3683,crocodile,1.0,3.16
3684,crocodile,1.0,3.49
3685,crocodile,1.0,3.15
3686,crocodile,1.0,3.0
3687,crocodile,1.0,3.27
3688,crocodile,1.0,3.31
3689,crocodile,1.0,2.52
3690,crocodile,1.0,3.33
3691,crocodile,1.0,3.01
3692,crocodile,1.0,3.16
3693,crocodile,1.0,3.5
3694,crocodile,1.0,3.5
3695,crocodile,1.0,3.32
3696,crocodile,1.0,3.16
3697,crocodile,1.0,3.33
3698,crocodile,1.0,3.21
3699,crocodile,1.0,3.15
3700,crocodile,1.0,2.52
3701,crocodile,1.0,2.99
3702,crocodile,1.0,3.54
3703,crocodile,1.0,3.25
3704,crocodile,1.0,3.13
3705,crocodile,1.0,3.35
3706,crocodile,1.0,3.05
3707,crocodile,1.0,2.97
3708,crocodile,1.0,3.16
3709,crocodile,1.0,3.51
3710,crocodile,1.0,3.18
3711,crocodile,1.0,3.26
3712,crocodile,1.0,3.32
3713,crocodile,1.0,3.33
3714,crocodile,1.0,3.38
3715,crocodile,1.0,2.63
3716,crocodile,1.0,3.26
3717,crocodile,1.0,3.51
3718,crocodile,1.0,3.32
3719,crocodile,1.0,3.33
3720,crocodile,1.0,3.01
3721,crocodile,1.0,3.08
3722,crocodile,1.0,2.56
3723,crocodile,1.0,3.31
3724,crocodile,0.9994,3.34
3725,crocodile,0.9993,3.14
3726,crocodile,0.9934,3.32
3727,crocodile,0.9631,3.32
3728,non-crocodile,0.6782,2.62
3729,non-crocodile,0.5055,2.73
3730,crocodile,0.5156,2.63
3731,crocodile,0.6375,3.21
3732,crocodile,0.607,3.28
3733,crocodile,0.729,3.07
3734,crocodile,0.8687,3.34
3735,crocodile,0.8871,3.17
3736,crocodile,0.8042,2.63
3737,crocodile,0.8892,2.43
3738,crocodile,0.9686,2.64
3739,crocodile,0.9343,2.6
3740,crocodile,0.9683,2.64
3741,crocodile,0.9872,2.69
3742,crocodile,0.8928,2.68
3743,crocodile,0.973,2.67
3744,crocodile,0.9925,3.15
3745,crocodile,0.9985,3.23
3746,crocodile,0.9998,3.38
3747,crocodile,1.0,3.21
3748,crocodile,1.0,3.16
3749,crocodile,1.0,2.69
3750,crocodile,1.0,2.53
3751,crocodile,1.0,2.31
3752,crocodile,1.0,3.37
3753,crocodile,1.0,3.12
3754,crocodile,1.0,3.21
3755,crocodile,1.0,3.2
3756,crocodile,1.0,2.97
3757,crocodile,1.0,2.92
3758,crocodile,1.0,3.31
3759,crocodile,1.0,3.02
3760,crocodile,1.0,3.51
3761,crocodile,1.0,3.33
3762,crocodile,1.0,3.27
3763,crocodile,1.0,3.37
3764,crocodile,1.0,3.29
3765,crocodile,1.0,2.48
3766,crocodile,1.0,3.47
3767,crocodile,1.0,4.22
3768,crocodile,1.0,3.9
3769,crocodile,1.0,4.15
3770,crocodile,1.0,4.28
3771,crocodile,1.0,4.01
3772,crocodile,1.0,3.95
3773,crocodile,1.0,3.47
3774,crocodile,1.0,3.73
3775,crocodile,1.0,3.65
3776,crocodile,1.0,3.46
3777,crocodile,1.0,3.0
3778,crocodile,1.0,3.21
3779,crocodile,1.0,3.33
3780,crocodile,1.0,3.27
3781,crocodile,1.0,2.95
3782,crocodile,1.0,3.16
3783,crocodile,1.0,2.98
3784,crocodile,1.0,3.17
3785,crocodile,1.0,3.21
3786,crocodile,1.0,2.64
3787,crocodile,1.0,2.75
3788,crocodile,1.0,2.99
3789,crocodile,1.0,3.18
3790,crocodile,1.0,3.06
3791,crocodile,1.0,3.48
3792,crocodile,1.0,3.29
3793,crocodile,1.0,3.19
3794,crocodile,1.0,2.76
3795,crocodile,1.0,3.56
3796,crocodile,1.0,3.34
3797,crocodile,1.0,3.37
3798,crocodile,1.0,3.07
3799,crocodile,1.0,3.12
3800,crocodile,1.0,3.43
3801,crocodile,1.0,3.05
3802,crocodile,1.0,3.4
3803,crocodile,1.0,3.0
3804,crocodile,1.0,3.1
3805,crocodile,1.0,3.29
3806,crocodile,1.0,3.16
3807,crocodile,1.0,3.33
3808,crocodile,1.0,3.01
3809,crocodile,1.0,2.89
3810,crocodile,1.0,3.34
3811,crocodile,1.0,3.33
3812,crocodile,1.0,3.09
3813,crocodile,1.0,3.32
3814,crocodile,1.0,3.06
3815,crocodile,1.0,3.07
3816,crocodile,1.0,2.7
3817,crocodile,1.0,2.75
3818,crocodile,1.0,3.17
3819,crocodile,1.0,3.33
3820,crocodile,1.0,3.37
3821,crocodile,1.0,3.17
3822,crocodile,1.0,3.17
3823,crocodile,1.0,2.64
3824,crocodile,1.0,2.54
3825,crocodile,1.0,2.64
3826,crocodile,1.0,2.62
3827,crocodile,1.0,2.6
3828,crocodile,0.9564,2.67
3829,crocodile,0.9761,3.33
3830,crocodile,0.9614,3.26
3831,crocodile,0.9273,3.17
3832,crocodile,0.8503,3.17
3833,crocodile,0.7648,3.02
3834,crocodile,0.8949,2.76
3835,crocodile,0.7033,3.16
3836,crocodile,0.7663,3.22
3837,crocodile,0.9001,3.16
3838,crocodile,0.8186,3.15
3839,crocodile,0.8399,3.11
3840,crocodile,0.8393,3.01
3841,crocodile,0.7998,2.7
3842,crocodile,0.7403,2.79
3843,crocodile,0.7969,2.83
3844,crocodile,0.8576,3.17
3845,crocodile,0.9347,2.82
3846,crocodile,0.9078,3.26
3847,crocodile,0.8876,3.13
3848,crocodile,0.8507,2.52
3849,crocodile,0.9218,3.15
3850,crocodile,0.8691,3.17
3851,crocodile,0.9009,3.29
3852,crocodile,0.9202,3.4
3853,crocodile,0.9303,2.88
3854,crocodile,0.9522,2.95
3855,crocodile,0.9505,3.33
3856,crocodile,0.9656,3.02
3857,crocodile,0.9728,3.01
3858,crocodile,0.9907,2.88
3859,crocodile,0.9758,2.94
3860,crocodile,0.9933,3.51
3861,crocodile,0.9743,3.49
3862,crocodile,0.9794,3.12
3863,crocodile,0.9876,3.52
3864,crocodile,0.9854,3.45
3865,crocodile,0.9818,2.67
3866,crocodile,0.9857,2.6
3867,crocodile,0.9701,2.82
3868,crocodile,0.9837,2.7
3869,crocodile,0.9912,3.1
3870,crocodile,0.9915,3.21
3871,crocodile,0.9911,3.16
3872,crocodile,0.9931,3.17
3873,crocodile,0.9858,2.75
3874,crocodile,0.9921,2.63
3875,crocodile,0.989,3.17
3876,crocodile,0.9824,3.16
3877,crocodile,0.9754,3.11
3878,crocodile,0.98,3.34
3879,crocodile,0.959,3.35
3880,crocodile,0.9415,3.32
3881,crocodile,0.9524,3.16
3882,crocodile,0.9429,2.56
3883,crocodile,0.9315,3.43
3884,crocodile,0.8898,3.35
3885,crocodile,0.8782,3.35
3886,crocodile,0.8566,3.17
3887,crocodile,0.9156,3.33
3888,crocodile,0.7658,3.16
3889,crocodile,0.6105,3.16
3890,crocodile,0.6625,3.23
3891,crocodile,0.6253,3.16
3892,crocodile,0.5343,3.26
3893,non-crocodile,0.5596,2.53
3894,non-crocodile,0.6779,3.34
3895,crocodile,0.5361,3.51
3896,crocodile,0.7195,3.34
3897,crocodile,0.8653,3.45
3898,crocodile,0.8396,3.43
3899,crocodile,0.8612,3.09
3900,crocodile,0.9296,3.39
3901,crocodile,0.9449,3.04
3902,crocodile,0.9408,3.04
3903,crocodile,0.9807,3.09
3904,crocodile,0.9579,2.83
3905,crocodile,0.9622,3.32
3906,crocodile,0.9746,3.33
3907,crocodile,0.9577,3.31
3908,crocodile,0.9642,3.33
3909,crocodile,0.9512,3.51
3910,crocodile,0.9519,3.01
3911,crocodile,0.9425,3.36
3912,crocodile,0.9502,3.17
3913,crocodile,0.955,2.64
3914,crocodile,0.9576,3.35
3915,crocodile,0.9696,3.52
3916,crocodile,0.9824,3.46
3917,crocodile,0.9889,3.47
3918,crocodile,0.9892,3.35
3919,crocodile,0.9719,3.53
3920,crocodile,0.9653,2.87
3921,crocodile,0.9953,3.3
3922,crocodile,0.9891,2.92
3923,crocodile,0.9962,2.63
3924,crocodile,0.9768,3.32
3925,crocodile,0.954,3.17
3926,crocodile,0.9734,3.02
3927,crocodile,0.9964,3.0
3928,crocodile,0.9977,3.17
3929,crocodile,0.993,2.58
3930,crocodile,0.9939,3.22
3931,crocodile,0.9533,3.17
3932,crocodile,0.9861,3.33
3933,crocodile,0.9781,3.07
3934,crocodile,0.9932,3.33
3935,crocodile,0.9853,2.67
3936,crocodile,0.9991,3.43
3937,crocodile,0.9922,3.17
3938,crocodile,0.9968,3.02
3939,crocodile,0.9939,3.11
3940,crocodile,0.998,3.11
3941,crocodile,0.9972,2.65
3942,crocodile,0.999,3.16
3943,crocodile,0.9965,3.36
3944,crocodile,0.9976,3.44
3945,crocodile,0.9991,3.35
3946,crocodile,0.9991,3.34
3947,crocodile,0.9996,3.28
3948,crocodile,0.9984,3.28
3949,crocodile,0.9995,3.34
3950,crocodile,0.9999,2.49
3951,crocodile,0.9991,3.14
3952,crocodile,0.9997,3.55
3953,crocodile,0.9996,3.04
3954,crocodile,0.9997,3.3
3955,crocodile,0.9967,3.67
3956,crocodile,0.9989,3.11
3957,crocodile,0.9996,3.33
3958,crocodile,0.9995,3.32
3959,crocodile,0.9962,3.33
3960,crocodile,0.9998,3.29
3961,crocodile,0.9998,3.15
3962,crocodile,1.0,3.22
3963,crocodile,0.9999,3.15
3964,crocodile,0.9998,2.6
3965,crocodile,0.9999,3.16
3966,crocodile,0.9996,3.33
3967,crocodile,0.9999,3.27
3968,crocodile,0.9999,3.15
3969,crocodile,0.9998,3.32
3970,crocodile,0.9999,3.33
3971,crocodile,0.9999,3.16
3972,crocodile,0.9999,3.15
3973,crocodile,0.9996,2.62
3974,crocodile,0.9998,3.45
3975,crocodile,0.9996,2.88
3976,crocodile,0.9999,3.16
3977,crocodile,0.9998,2.98
3978,crocodile,0.9996,3.29
3979,crocodile,0.9973,3.27
3980,crocodile,0.9992,3.16
3981,crocodile,0.9944,2.88
3982,crocodile,0.9969,3.16
3983,crocodile,0.9981,2.47
3984,crocodile,0.9977,4.0
3985,crocodile,0.996,4.16
3986,crocodile,0.9978,3.94
3987,crocodile,0.9986,4.05
3988,crocodile,0.9998,3.72
3989,crocodile,0.9999,3.96
3990,crocodile,0.9996,3.52
3991,crocodile,0.9997,3.95
3992,crocodile,1.0,3.86
3993,crocodile,0.9998,3.73
3994,crocodile,0.9995,3.72
3995,crocodile,0.9994,3.51
3996,crocodile,0.9999,3.33
3997,crocodile,0.9997,3.12
3998,crocodile,0.9968,2.7
3999,crocodile,0.991,2.97
4000,crocodile,0.9704,3.17
4001,crocodile,0.9864,2.93
4002,crocodile,0.8935,3.12
4003,crocodile,0.8255,3.1
4004,crocodile,0.8371,3.13
4005,crocodile,0.6889,3.18
4006,crocodile,0.7789,3.34
4007,crocodile,0.7976,3.02
4008,crocodile,0.6554,3.24
4009,crocodile,0.6067,2.6
4010,non-crocodile,0.6472,3.34
4011,non-crocodile,0.6498,3.01
4012,crocodile,0.6854,3.51
4013,non-crocodile,0.7463,2.99
4014,crocodile,0.558,3.36
4015,crocodile,0.6091,3.26
4016,crocodile,0.6105,3.38
4017,crocodile,0.5193,3.21
4018,crocodile,0.6981,2.7
4019,non-crocodile,0.5745,3.17
4020,crocodile,0.7735,3.33
4021,crocodile,0.8489,3.16
4022,crocodile,0.9578,3.33
4023,crocodile,0.9209,3.32
4024,crocodile,0.9303,3.26
4025,crocodile,0.9151,3.17
4026,crocodile,0.9105,3.28
4027,crocodile,0.5842,3.34
4028,crocodile,0.8916,2.64
4029,crocodile,0.9947,3.17
4030,crocodile,0.9877,3.16
4031,crocodile,0.9893,3.22
4032,crocodile,0.9948,3.16
4033,crocodile,0.96,3.33
4034,crocodile,0.9885,3.25
4035,non-crocodile,0.6612,3.32
4036,crocodile,0.8678,2.92
4037,crocodile,0.9807,2.75
4038,crocodile,0.97,2.62
4039,crocodile,0.9966,2.88
4040,crocodile,0.9997,3.33
4041,crocodile,0.9998,3.12
4042,crocodile,0.9998,3.15
4043,crocodile,0.9999,3.21
4044,crocodile,0.9993,3.26
4045,crocodile,0.9997,2.77
4046,crocodile,0.9994,2.7
4047,crocodile,0.9987,2.46
4048,crocodile,0.9998,2.63
4049,crocodile,0.9998,3.18
4050,crocodile,0.9998,3.03
4051,crocodile,0.9998,3.15
4052,crocodile,0.9997,3.14
4053,crocodile,0.9997,2.79
4054,crocodile,0.9994,3.12
4055,crocodile,0.9994,3.23
4056,crocodile,0.9971,3.19
4057,crocodile,0.9956,3.33
4058,crocodile,0.9932,2.82
4059,crocodile,0.9756,3.18
4060,crocodile,0.8659,3.17
4061,crocodile,0.9039,2.88
4062,crocodile,0.9453,3.17
4063,crocodile,0.9951,2.4
4064,crocodile,0.9965,2.4
4065,crocodile,0.9961,3.22
4066,crocodile,0.9821,3.33
4067,crocodile,0.9956,3.01
4068,crocodile,0.9655,3.14
4069,crocodile,0.9811,2.78
4070,crocodile,0.9797,3.01
4071,crocodile,0.9804,3.38
4072,crocodile,0.9747,3.0
4073,crocodile,0.9447,3.35
4074,crocodile,0.9065,3.15
4075,crocodile,0.9633,3.19
4076,crocodile,0.8064,2.75
4077,crocodile,0.9215,3.11
4078,crocodile,0.9997,3.17
4079,crocodile,0.9992,2.75
4080,crocodile,0.9998,2.96
4081,crocodile,0.9996,3.19
4082,crocodile,0.9997,3.16
4083,crocodile,0.9996,2.92
4084,crocodile,0.9997,3.26
4085,crocodile,0.996,2.63
4086,crocodile,0.9928,3.26
4087,crocodile,0.9934,2.97
4088,crocodile,0.9989,3.15
4089,crocodile,0.9962,3.32
4090,crocodile,0.9911,2.93
4091,crocodile,0.981,3.17
4092,crocodile,0.9309,3.13
4093,crocodile,0.9892,3.09
4094,crocodile,0.9751,3.19
4095,crocodile,0.9936,2.87
4096,crocodile,0.9945,3.15
4097,crocodile,0.9987,3.53
4098,crocodile,0.9906,3.34
4099,crocodile,0.9966,3.11
4100,crocodile,0.9981,3.29
4101,crocodile,0.9963,2.93
4102,crocodile,0.9983,3.28
4103,crocodile,0.9992,2.38
4104,crocodile,0.9982,4.13
4105,crocodile,0.9984,3.96
4106,crocodile,0.9996,3.96
4107,crocodile,0.9979,4.01
4108,crocodile,0.999,3.92
4109,crocodile,0.9989,3.79
4110,crocodile,0.9992,3.85
4111,crocodile,0.9993,3.51
4112,crocodile,0.9995,3.51
4113,crocodile,0.9997,3.17
4114,crocodile,0.9998,3.16
4115,crocodile,0.9997,3.0
4116,crocodile,0.9999,3.22
4117,crocodile,0.9999,3.28
4118,crocodile,0.9999,2.86
4119,crocodile,0.9998,2.84
4120,crocodile,0.9998,3.28
4121,crocodile,0.9999,3.01
4122,crocodile,0.9999,2.67
4123,crocodile,0.9999,3.27
4124,crocodile,1.0,3.22
4125,crocodile,1.0,3.28
4126,crocodile,1.0,3.51
4127,crocodile,1.0,3.17
4128,crocodile,1.0,3.3
4129,crocodile,1.0,3.33
4130,crocodile,1.0,3.09
4131,crocodile,1.0,2.65
4132,crocodile,1.0,3.44
4133,crocodile,1.0,3.02
4134,crocodile,1.0,3.3
4135,crocodile,1.0,3.14
4136,crocodile,1.0,2.98
4137,crocodile,1.0,3.17
4138,crocodile,1.0,3.01
4139,crocodile,1.0,3.01
4140,crocodile,1.0,2.6
4141,crocodile,1.0,3.34
4142,crocodile,1.0,3.34
4143,crocodile,1.0,3.07
4144,crocodile,1.0,3.24
4145,crocodile,1.0,3.17
4146,crocodile,1.0,3.32
4147,crocodile,1.0,3.52
4148,crocodile,1.0,3.33
4149,crocodile,1.0,2.51
4150,crocodile,1.0,3.08
4151,crocodile,1.0,3.22
4152,crocodile,1.0,3.4
4153,crocodile,1.0,3.19
4154,crocodile,1.0,3.27
4155,crocodile,1.0,3.27
4156,crocodile,0.9999,3.27
4157,crocodile,1.0,3.17
4158,crocodile,1.0,3.24
4159,crocodile,1.0,3.41
4160,crocodile,1.0,3.17
4161,crocodile,1.0,3.25
4162,crocodile,1.0,3.27
4163,crocodile,1.0,3.22
4164,crocodile,0.9999,2.42
4165,crocodile,1.0,2.89
4166,crocodile,0.9999,3.48
4167,crocodile,1.0,3.31
4168,crocodile,1.0,3.01
4169,crocodile,0.9999,3.31
4170,crocodile,0.9999,3.11
4171,crocodile,1.0,3.15
4172,crocodile,1.0,3.17
4173,crocodile,0.9999,3.32
4174,crocodile,0.9999,2.73
4175,crocodile,0.9999,3.33
4176,crocodile,0.9998,3.33
4177,crocodile,0.9999,3.52
4178,crocodile,0.9993,3.45
4179,crocodile,0.9997,3.17
4180,crocodile,0.9997,2.8
4181,crocodile,0.9999,3.12
4182,crocodile,0.9992,3.24
4183,crocodile,0.9993,3.16
4184,crocodile,0.9993,2.53
4185,crocodile,0.9995,3.16
4186,crocodile,0.999,3.18
4187,crocodile,0.9993,3.32
4188,crocodile,0.9988,3.52
4189,crocodile,0.9994,3.26
4190,crocodile,0.9991,3.17
4191,crocodile,0.9994,3.12
4192,crocodile,0.9996,3.01
4193,crocodile,0.9996,2.76
4194,crocodile,0.9996,3.34
4195,crocodile,0.9993,3.16
4196,crocodile,0.9993,2.89
4197,crocodile,0.9996,3.39
4198,crocodile,0.9992,3.29
4199,crocodile,0.9994,2.98
4200,crocodile,0.9993,3.17
4201,crocodile,0.9994,3.07
4202,crocodile,0.9995,3.26
4203,crocodile,0.9994,3.15
4204,crocodile,0.9989,2.96
4205,crocodile,0.9997,3.49
4206,crocodile,0.9994,3.15
4207,crocodile,0.9991,3.19
4208,crocodile,0.9988,3.22
4209,crocodile,0.999,3.16
4210,crocodile,0.9995,3.4
4211,crocodile,0.9991,2.62
4212,crocodile,0.9996,3.15
4213,crocodile,0.9997,3.35
4214,crocodile,0.9993,3.33
4215,crocodile,0.9997,3.55
4216,crocodile,0.9996,3.02
4217,crocodile,0.9998,2.96
4218,crocodile,0.9996,3.01
4219,crocodile,0.9995,3.39
4220,crocodile,0.9996,3.34
4221,crocodile,0.9994,3.48
4222,crocodile,0.9993,3.22
4223,crocodile,0.9994,3.02
4224,crocodile,0.9996,3.2
4225,crocodile,0.9996,2.5
4226,crocodile,0.9994,3.07
4227,crocodile,0.9995,2.83
4228,crocodile,0.9994,3.32
4229,crocodile,0.9991,3.33
4230,crocodile,0.9996,3.31
4231,crocodile,0.9997,3.16
4232,crocodile,0.9998,3.26
4233,crocodile,0.9998,3.07
4234,crocodile,0.9996,3.17
4235,crocodile,0.9993,2.75
4236,crocodile,0.9993,3.51
4237,crocodile,0.9997,3.33
4238,crocodile,0.9993,3.17
4239,crocodile,0.9996,3.35
4240,crocodile,0.9993,3.18
4241,crocodile,0.9996,3.34
4242,crocodile,0.9994,3.07
4243,crocodile,0.9995,3.11
4244,crocodile,0.9996,2.6
4245,crocodile,0.9995,3.52
4246,crocodile,0.9989,3.33
4247,crocodile,0.9987,3.33
4248,crocodile,0.9996,3.44
4249,crocodile,0.9998,3.24
4250,crocodile,0.9994,3.33
4251,crocodile,0.9992,3.0
4252,crocodile,0.9996,3.25
4253,crocodile,0.9996,3.12
4254,crocodile,0.9989,3.0
4255,crocodile,0.9998,3.26
4256,crocodile,0.9994,3.33
4257,crocodile,0.9994,3.25
4258,crocodile,0.9988,2.8
4259,crocodile,0.9989,2.73
4260,crocodile,0.9994,3.28
4261,crocodile,0.9988,3.13
4262,crocodile,0.9993,3.59
4263,crocodile,0.9986,3.37
4264,crocodile,0.9993,3.26
4265,crocodile,0.9999,3.34
4266,crocodile,1.0,3.51
4267,crocodile,0.9999,3.02
4268,crocodile,0.9992,3.21
4269,crocodile,0.9984,2.58
4270,crocodile,0.9992,3.28
4271,crocodile,0.9994,3.38
4272,crocodile,0.9988,3.52
4273,crocodile,0.9985,3.07
4274,crocodile,0.999,3.33
4275,crocodile,0.9997,3.17
4276,crocodile,0.998,3.16
4277,crocodile,0.9978,2.99
4278,crocodile,0.9986,2.64
4279,crocodile,0.9911,3.56
4280,crocodile,0.9961,3.35
4281,crocodile,0.9952,3.22
4282,crocodile,0.9884,3.16
4283,crocodile,0.9892,3.16
4284,crocodile,0.9893,3.39
4285,crocodile,0.9785,3.51
4286,crocodile,0.9904,3.33
4287,crocodile,0.9729,3.27
4288,crocodile,0.992,3.16
4289,crocodile,0.9903,2.57
4290,crocodile,0.991,3.96
4291,crocodile,0.9944,3.88
4292,crocodile,0.9974,3.73
4293,crocodile,0.9985,4.26
4294,crocodile,0.996,4.04
4295,crocodile,0.9895,3.82
4296,crocodile,0.995,3.54
4297,crocodile,0.9881,3.21
4298,crocodile,0.9616,3.73
4299,crocodile,0.9809,3.45
4300,crocodile,0.9467,3.51
4301,crocodile,0.9823,3.27
4302,crocodile,0.9943,3.54
4303,crocodile,0.9953,2.95
4304,crocodile,0.997,3.12
4305,crocodile,0.9903,3.21
4306,crocodile,0.9969,3.35
4307,crocodile,0.9875,3.39
4308,crocodile,0.9963,3.31
4309,crocodile,0.9906,3.18
4310,crocodile,0.9819,2.99
4311,crocodile,0.9545,3.18
4312,crocodile,0.8405,2.91
4313,crocodile,0.7611,3.28
4314,crocodile,0.852,3.29
4315,crocodile,0.5309,3.07
4316,crocodile,0.6625,3.41
4317,crocodile,0.9143,3.21
4318,crocodile,0.8932,3.04
4319,crocodile,0.8859,3.12
4320,crocodile,0.7409,3.01
4321,crocodile,0.9405,2.86
4322,crocodile,0.9535,3.32
4323,crocodile,0.9506,3.01
4324,crocodile,0.9213,2.46
4325,crocodile,0.881,3.39
4326,crocodile,0.9279,3.38
4327,crocodile,0.896,3.29
4328,crocodile,0.952,3.4
4329,crocodile,0.9765,3.27
4330,crocodile,0.8735,3.15
4331,crocodile,0.9832,3.35
4332,crocodile,0.9448,3.24
4333,crocodile,0.9176,2.84
4334,crocodile,0.8058,3.38
4335,crocodile,0.9608,3.47
4336,crocodile,0.9599,3.25
4337,crocodile,0.9865,3.04
4338,crocodile,0.9329,3.09
4339,crocodile,0.9581,2.56
4340,crocodile,0.903,3.25
4341,crocodile,0.9707,3.06
4342,crocodile,0.9696,3.54
4343,crocodile,0.9568,3.47
4344,crocodile,0.8392,3.41
4345,crocodile,0.9034,3.11
4346,crocodile,0.9651,3.38
4347,crocodile,0.8894,3.28
4348,crocodile,0.9133,3.21
4349,crocodile,0.5869,2.59
4350,crocodile,0.6205,3.34
4351,crocodile,0.8884,3.0
4352,crocodile,0.8537,3.15
4353,crocodile,0.7178,3.2
4354,crocodile,0.5525,2.95
4355,crocodile,0.9115,3.22
4356,crocodile,0.9764,3.52
4357,crocodile,0.9715,3.33
4358,crocodile,0.9386,3.32
4359,crocodile,0.648,3.07
4360,non-crocodile,0.6278,3.39
4361,crocodile,0.5692,3.17
4362,crocodile,0.7495,3.07
4363,non-crocodile,0.5806,3.16
4364,non-crocodile,0.519,2.74
4365,crocodile,0.8643,3.15
4366,crocodile,0.7443,3.32
4367,crocodile,0.7495,2.88
4368,crocodile,0.7756,3.05
4369,crocodile,0.8376,3.15
4370,crocodile,0.9118,3.32
4371,crocodile,0.9387,3.41
4372,crocodile,0.9753,3.02
4373,crocodile,0.9907,2.8
4374,crocodile,0.9945,3.19
4375,crocodile,0.9936,3.45
4376,crocodile,0.9947,3.07
4377,crocodile,0.9957,3.15
4378,crocodile,0.9975,3.51
4379,crocodile,0.9956,2.43
4380,crocodile,0.9942,2.75
4381,crocodile,0.994,2.64
4382,crocodile,0.995,2.39
4383,crocodile,0.9651,2.44
4384,crocodile,0.9354,3.23
4385,crocodile,0.8721,3.2
4386,crocodile,0.9607,3.2
4387,crocodile,0.8564,3.17
4388,crocodile,0.9412,3.21
4389,crocodile,0.98,2.56
4390,crocodile,0.9864,3.3
4391,crocodile,0.9837,3.05
4392,crocodile,0.9928,3.32
4393,crocodile,0.9941,3.49
4394,crocodile,0.9739,3.32
4395,crocodile,0.9464,3.32
4396,crocodile,0.9793,3.33
4397,crocodile,0.9617,3.01
4398,crocodile,0.8689,3.0
4399,crocodile,0.9133,3.06
4400,crocodile,0.7987,2.52
4401,crocodile,0.897,3.25
4402,crocodile,0.8128,3.34
4403,crocodile,0.8417,3.12
4404,crocodile,0.8384,3.37
4405,crocodile,0.9738,3.0
4406,crocodile,0.9444,3.31
4407,crocodile,0.8489,3.32
4408,crocodile,0.9889,3.38
4409,crocodile,0.9904,3.32
4410,crocodile,0.974,3.1
4411,crocodile,0.9624,3.0
4412,crocodile,0.9701,2.95
4413,crocodile,0.9784,2.46
4414,crocodile,0.9819,3.24
4415,crocodile,0.9857,3.32
4416,crocodile,0.9383,3.16
4417,crocodile,0.9269,3.5
4418,crocodile,0.9072,3.44
4419,non-crocodile,0.5863,3.3
4420,crocodile,0.667,3.3
4421,crocodile,0.853,3.06
4422,crocodile,0.7325,3.31
4423,crocodile,0.8738,2.64
4424,crocodile,0.594,3.32
4425,crocodile,0.9169,3.32
4426,crocodile,0.9552,3.5
4427,crocodile,0.8094,3.16
4428,non-crocodile,0.8629,2.88
4429,non-crocodile,0.8674,3.16
4430,non-crocodile,0.8788,2.53
4431,non-crocodile,0.901,3.32
4432,non-crocodile,0.917,3.32
4433,non-crocodile,0.9261,3.34
4434,non-crocodile,0.9482,3.32
4435,non-crocodile,0.9543,3.24
4436,non-crocodile,0.9583,3.16
4437,non-crocodile,0.9646,3.01
4438,non-crocodile,0.9745,3.32
4439,non-crocodile,0.9754,3.33
4440,non-crocodile,0.9772,2.62
4441,non-crocodile,0.9726,3.33
4442,non-crocodile,0.9796,3.34
4443,non-crocodile,0.981,3.16
4444,non-crocodile,0.98,3.16
4445,non-crocodile,0.9771,3.32
4446,non-crocodile,0.9805,3.33
4447,non-crocodile,0.9764,3.33
4448,non-crocodile,0.9769,3.33
4449,non-crocodile,0.9729,2.75
4450,non-crocodile,0.9781,3.34
4451,non-crocodile,0.9592,3.02
4452,non-crocodile,0.9581,3.15
4453,non-crocodile,0.9507,3.12
4454,non-crocodile,0.926,3.25
4455,non-crocodile,0.9146,3.19
4456,non-crocodile,0.9147,3.43
4457,non-crocodile,0.9197,3.37
4458,non-crocodile,0.9239,3.37
4459,non-crocodile,0.9359,3.18
4460,non-crocodile,0.9318,2.87
4461,non-crocodile,0.9346,3.33
4462,non-crocodile,0.9349,3.32
4463,non-crocodile,0.9367,3.07
4464,non-crocodile,0.933,2.67
4465,non-crocodile,0.9369,3.11
4466,non-crocodile,0.9373,3.17
4467,non-crocodile,0.939,3.24
4468,non-crocodile,0.9372,3.49
4469,non-crocodile,0.9344,3.28
4470,non-crocodile,0.9339,3.34
4471,non-crocodile,0.9336,3.16
4472,non-crocodile,0.9342,3.4
4473,non-crocodile,0.9384,2.75
4474,non-crocodile,0.9361,3.02
4475,non-crocodile,0.9358,3.01
4476,non-crocodile,0.9386,3.17
4477,non-crocodile,0.9389,3.11
4478,non-crocodile,0.9381,3.37
4479,non-crocodile,0.9387,2.8
4480,non-crocodile,0.9375,3.27
4481,non-crocodile,0.938,3.51
4482,non-crocodile,0.9361,3.5
4483,non-crocodile,0.9363,3.16
4484,non-crocodile,0.9364,3.23
4485,non-crocodile,0.9374,3.51
4486,non-crocodile,0.9372,3.13
4487,non-crocodile,0.938,3.07
4488,non-crocodile,0.9411,2.74
4489,non-crocodile,0.9419,3.18
4490,non-crocodile,0.9424,3.26
4491,non-crocodile,0.9399,3.32
4492,non-crocodile,0.9409,3.15
4493,non-crocodile,0.9421,3.32
4494,non-crocodile,0.9424,2.75
4495,non-crocodile,0.9408,3.26
4496,non-crocodile,0.9424,3.33
4497,non-crocodile,0.94,3.38
4498,non-crocodile,0.9423,3.16
4499,non-crocodile,0.941,3.38
4500,non-crocodile,0.9394,2.44
4501,non-crocodile,0.9399,2.84
4502,non-crocodile,0.9369,3.05
4503,non-crocodile,0.9394,3.26
4504,non-crocodile,0.9381,2.97
4505,non-crocodile,0.9406,3.54
4506,non-crocodile,0.9399,3.37
4507,non-crocodile,0.9432,3.4
4508,non-crocodile,0.9395,3.49
4509,non-crocodile,0.9397,3.15
4510,non-crocodile,0.941,2.98
4511,non-crocodile,0.9443,3.02
4512,non-crocodile,0.9431,3.02
4513,non-crocodile,0.9421,2.6
4514,non-crocodile,0.9419,3.23
4515,non-crocodile,0.942,3.33
4516,non-crocodile,0.9433,3.34
4517,non-crocodile,0.9426,3.23
4518,non-crocodile,0.9402,3.17
4519,non-crocodile,0.9406,3.29
4520,non-crocodile,0.9418,2.51
4521,non-crocodile,0.9417,3.17
4522,non-crocodile,0.9406,3.02
4523,non-crocodile,0.9433,3.33
4524,non-crocodile,0.9396,3.15
4525,non-crocodile,0.9381,3.16
4526,non-crocodile,0.9343,3.27
4527,non-crocodile,0.9378,3.17
4528,non-crocodile,0.9373,3.26
4529,non-crocodile,0.9385,3.32
4530,non-crocodile,0.9372,3.18
4531,non-crocodile,0.9341,2.63
4532,non-crocodile,0.9338,3.49
4533,non-crocodile,0.9332,3.33
4534,non-crocodile,0.9333,3.39
4535,non-crocodile,0.9371,3.46
4536,non-crocodile,0.94,3.51
4537,non-crocodile,0.9395,3.51
4538,non-crocodile,0.9397,3.0
4539,non-crocodile,0.9412,3.33
4540,non-crocodile,0.9384,3.17
4541,non-crocodile,0.9376,2.64
4542,non-crocodile,0.9369,3.03
4543,non-crocodile,0.9372,2.76
4544,non-crocodile,0.9371,3.42
4545,non-crocodile,0.9369,3.48
4546,non-crocodile,0.9365,3.3
4547,non-crocodile,0.9362,3.65
4548,non-crocodile,0.938,3.8
4549,non-crocodile,0.9388,3.9
4550,non-crocodile,0.9392,3.82
4551,non-crocodile,0.9391,3.55
